user,rule_score,ml_score,hybrid_score,risk_level,component_scores_dict
AJF0370,34.339113055690596,64.29121607618148,46.319954263886956,MEDIUM,"{'after_hours': 4.339113055690595, 'weekend': 0.0, 'file_anomaly': 0.0, 'usb': 0.0, 'email': 15, 'web': 0.0, 'deviation': 15}"
IBB0359,36.130740946611006,60.65273763592264,45.93953962233566,MEDIUM,"{'after_hours': 4.212954138233388, 'weekend': 0.0, 'file_anomaly': 1.9177868083776173, 'usb': 0.0, 'email': 15, 'web': 0.0, 'deviation': 15}"
EIS0041,35.61479722615504,59.07483452900152,44.998812147293634,MEDIUM,"{'after_hours': 4.333513221802482, 'weekend': 0.0, 'file_anomaly': 1.2812840043525586, 'usb': 0.0, 'email': 15, 'web': 0.0, 'deviation': 15}"
MPM0220,34.484377292063954,60.72249811764871,44.97962562229786,MEDIUM,"{'after_hours': 4.484377292063957, 'weekend': 0.0, 'file_anomaly': 0.0, 'usb': 0.0, 'email': 15, 'web': 0.0, 'deviation': 15}"
HDS0367,35.822775482086215,58.39537614900957,44.85181574885556,MEDIUM,"{'after_hours': 4.48396162418839, 'weekend': 0.0, 'file_anomaly': 1.338813857897827, 'usb': 0.0, 'email': 15, 'web': 0.0, 'deviation': 15}"
BSS0369,34.28274428274428,59.51369208667897,44.37512340431816,MEDIUM,"{'after_hours': 4.282744282744282, 'weekend': 0.0, 'file_anomaly': 0.0, 'usb': 0.0, 'email': 15, 'web': 0.0, 'deviation': 15}"
CCA0046,36.32348232196655,56.25550669203926,44.29629206999564,MEDIUM,"{'after_hours': 4.973661106233537, 'weekend': 0.0, 'file_anomaly': 1.3498212157330136, 'usb': 0.0, 'email': 15, 'web': 0.0, 'deviation': 15}"
BAL0044,34.641635664722514,57.665349070383684,43.85112102698699,MEDIUM,"{'after_hours': 4.248532216446654, 'weekend': 0.0, 'file_anomaly': 0.3931034482758622, 'usb': 0.0, 'email': 15, 'web': 0.0, 'deviation': 15}"
GTD0219,34.89795918367347,56.856788902769765,43.68149107131199,MEDIUM,"{'after_hours': 4.8979591836734695, 'weekend': 0.0, 'file_anomaly': 0.0, 'usb': 0.0, 'email': 15, 'web': 0.0, 'deviation': 15}"
MOS0047,34.21384544126555,56.43339340563176,43.101664627012035,MEDIUM,"{'after_hours': 4.213845441265543, 'weekend': 0.0, 'file_anomaly': 0.0, 'usb': 0.0, 'email': 15, 'web': 0.0, 'deviation': 15}"
DLM0051,30.07702568957356,61.608118793820296,42.68946293127226,MEDIUM,"{'after_hours': 0.07702568957356183, 'weekend': 0.0, 'file_anomaly': 0.0, 'usb': 0.0, 'email': 15, 'web': 0.0, 'deviation': 15}"
WPR0368,34.67028309883031,53.691296836393555,42.278688593855605,MEDIUM,"{'after_hours': 4.670283098830311, 'weekend': 0.0, 'file_anomaly': 0.0, 'usb': 0.0, 'email': 15, 'web': 0.0, 'deviation': 15}"
JGT0221,35.00100381449508,52.07423151068833,41.830294892972375,MEDIUM,"{'after_hours': 5.001003814495081, 'weekend': 0.0, 'file_anomaly': 0.0, 'usb': 0.0, 'email': 15, 'web': 0.0, 'deviation': 15}"
BBS0039,35.120220033714844,51.81602347484372,41.79854141016639,MEDIUM,"{'after_hours': 5.120220033714844, 'weekend': 0.0, 'file_anomaly': 0.0, 'usb': 0.0, 'email': 15, 'web': 0.0, 'deviation': 15}"
MSO0222,35.20743034055727,51.66860823867702,41.79190149980517,MEDIUM,"{'after_hours': 5.207430340557275, 'weekend': 0.0, 'file_anomaly': 0.0, 'usb': 0.0, 'email': 15, 'web': 0.0, 'deviation': 15}"
JTM0223,33.98104670024759,53.40158925786332,41.74926372329388,MEDIUM,"{'after_hours': 3.9810467002475884, 'weekend': 0.0, 'file_anomaly': 0.0, 'usb': 0.0, 'email': 15, 'web': 0.0, 'deviation': 15}"
JLM0364,35.00402900886382,51.63503986579542,41.65643335163646,MEDIUM,"{'after_hours': 5.004029008863819, 'weekend': 0.0, 'file_anomaly': 0.0, 'usb': 0.0, 'email': 15, 'web': 0.0, 'deviation': 15}"
KJP0371,35.04177567727234,51.57447979221791,41.65485732325057,MEDIUM,"{'after_hours': 5.041775677272343, 'weekend': 0.0, 'file_anomaly': 0.0, 'usb': 0.0, 'email': 15, 'web': 0.0, 'deviation': 15}"
LBC0356,34.19664360994971,52.64196441372852,41.57477193146124,MEDIUM,"{'after_hours': 4.196643609949712, 'weekend': 0.0, 'file_anomaly': 0.0, 'usb': 0.0, 'email': 15, 'web': 0.0, 'deviation': 15}"
JRS0362,34.98220037294457,51.35209311845169,41.53015747114742,MEDIUM,"{'after_hours': 4.9822003729445665, 'weekend': 0.0, 'file_anomaly': 0.0, 'usb': 0.0, 'email': 15, 'web': 0.0, 'deviation': 15}"
JCC0225,34.91764705882353,51.352893914811204,41.4917458012186,MEDIUM,"{'after_hours': 4.917647058823529, 'weekend': 0.0, 'file_anomaly': 0.0, 'usb': 0.0, 'email': 15, 'web': 0.0, 'deviation': 15}"
MVH0373,34.90354846391998,51.03400233615836,41.355730012815336,MEDIUM,"{'after_hours': 4.903548463919981, 'weekend': 0.0, 'file_anomaly': 0.0, 'usb': 0.0, 'email': 15, 'web': 0.0, 'deviation': 15}"
CSC0217,34.79783348028719,51.153499115006326,41.34009973417484,MEDIUM,"{'after_hours': 4.797833480287189, 'weekend': 0.0, 'file_anomaly': 0.0, 'usb': 0.0, 'email': 15, 'web': 0.0, 'deviation': 15}"
UIR0043,34.985602632661454,50.83652180206002,41.32597030042088,MEDIUM,"{'after_hours': 4.985602632661456, 'weekend': 0.0, 'file_anomaly': 0.0, 'usb': 0.0, 'email': 15, 'web': 0.0, 'deviation': 15}"
DFR0218,34.80688369673588,50.90593162445172,41.246502867822215,MEDIUM,"{'after_hours': 4.806883696735879, 'weekend': 0.0, 'file_anomaly': 0.0, 'usb': 0.0, 'email': 15, 'web': 0.0, 'deviation': 15}"
HWY0038,34.838202541595706,50.759181057845794,41.206593948095744,MEDIUM,"{'after_hours': 4.838202541595703, 'weekend': 0.0, 'file_anomaly': 0.0, 'usb': 0.0, 'email': 15, 'web': 0.0, 'deviation': 15}"
KRV0372,35.064664163537756,50.35673411045627,41.18149214230516,MEDIUM,"{'after_hours': 5.064664163537755, 'weekend': 0.0, 'file_anomaly': 0.0, 'usb': 0.0, 'email': 15, 'web': 0.0, 'deviation': 15}"
SAK0375,34.93718279390964,50.35944544679894,41.10608785506536,MEDIUM,"{'after_hours': 4.937182793909644, 'weekend': 0.0, 'file_anomaly': 0.0, 'usb': 0.0, 'email': 15, 'web': 0.0, 'deviation': 15}"
MSH0040,35.05882352941177,50.01803920601002,41.042509800051064,MEDIUM,"{'after_hours': 5.0588235294117645, 'weekend': 0.0, 'file_anomaly': 0.0, 'usb': 0.0, 'email': 15, 'web': 0.0, 'deviation': 15}"
TSM0363,35.02294833466672,49.99905056810474,41.01338922804193,MEDIUM,"{'after_hours': 5.022948334666722, 'weekend': 0.0, 'file_anomaly': 0.0, 'usb': 0.0, 'email': 15, 'web': 0.0, 'deviation': 15}"
SOB0360,34.84467944481163,50.1741698998169,40.97647562681374,MEDIUM,"{'after_hours': 4.844679444811632, 'weekend': 0.0, 'file_anomaly': 0.0, 'usb': 0.0, 'email': 15, 'web': 0.0, 'deviation': 15}"
QNP0216,34.8492829967808,50.104873706676514,40.951519280739085,MEDIUM,"{'after_hours': 4.8492829967808015, 'weekend': 0.0, 'file_anomaly': 0.0, 'usb': 0.0, 'email': 15, 'web': 0.0, 'deviation': 15}"
DMG0358,34.427448398714326,50.73224889403074,40.94936859684089,MEDIUM,"{'after_hours': 4.427448398714324, 'weekend': 0.0, 'file_anomaly': 0.0, 'usb': 0.0, 'email': 15, 'web': 0.0, 'deviation': 15}"
CBB0365,34.11403381991617,51.18562086957992,40.94266863978167,MEDIUM,"{'after_hours': 4.114033819916173, 'weekend': 0.0, 'file_anomaly': 0.0, 'usb': 0.0, 'email': 15, 'web': 0.0, 'deviation': 15}"
BMG0917,32.69534679543459,53.26703143679858,40.924020651980186,MEDIUM,"{'after_hours': 2.6953467954345918, 'weekend': 0.0, 'file_anomaly': 0.0, 'usb': 0.0, 'email': 15, 'web': 0.0, 'deviation': 15}"
BKW0374,34.79338127003379,49.61825871139601,40.72333224657868,MEDIUM,"{'after_hours': 4.793381270033787, 'weekend': 0.0, 'file_anomaly': 0.0, 'usb': 0.0, 'email': 15, 'web': 0.0, 'deviation': 15}"
WDD0366,34.26531196967359,50.377134515033376,40.71004098781751,MEDIUM,"{'after_hours': 4.265311969673594, 'weekend': 0.0, 'file_anomaly': 0.0, 'usb': 0.0, 'email': 15, 'web': 0.0, 'deviation': 15}"
MNS0224,35.02934931934557,49.1594816918881,40.68140226836258,MEDIUM,"{'after_hours': 5.029349319345572, 'weekend': 0.0, 'file_anomaly': 0.0, 'usb': 0.0, 'email': 15, 'web': 0.0, 'deviation': 15}"
LBH0942,30.0,56.68910520548211,40.675642082192844,MEDIUM,"{'after_hours': 0.0, 'weekend': 0.0, 'file_anomaly': 0.0, 'usb': 0.0, 'email': 15, 'web': 0.0, 'deviation': 15}"
HSB0196,30.0,56.64359047044473,40.6574361881779,MEDIUM,"{'after_hours': 0.0, 'weekend': 0.0, 'file_anomaly': 0.0, 'usb': 0.0, 'email': 15, 'web': 0.0, 'deviation': 15}"
JAV0361,35.05695341720504,48.67733170111334,40.50510473076836,MEDIUM,"{'after_hours': 5.056953417205032, 'weekend': 0.0, 'file_anomaly': 0.0, 'usb': 0.0, 'email': 15, 'web': 0.0, 'deviation': 15}"
BAJ0654,34.223771983020015,49.84458257488912,40.47209621976766,MEDIUM,"{'after_hours': 4.223771983020011, 'weekend': 0.0, 'file_anomaly': 0.0, 'usb': 0.0, 'email': 15, 'web': 0.0, 'deviation': 15}"
BJM0111,30.0,55.85000640855746,40.340002563422985,MEDIUM,"{'after_hours': 0.0, 'weekend': 0.0, 'file_anomaly': 0.0, 'usb': 0.0, 'email': 15, 'web': 0.0, 'deviation': 15}"
HPH0075,30.0,55.76591441190853,40.30636576476341,MEDIUM,"{'after_hours': 0.0, 'weekend': 0.0, 'file_anomaly': 0.0, 'usb': 0.0, 'email': 15, 'web': 0.0, 'deviation': 15}"
KSP0357,34.808590102707754,48.38686008160038,40.2398980942648,MEDIUM,"{'after_hours': 4.80859010270775, 'weekend': 0.0, 'file_anomaly': 0.0, 'usb': 0.0, 'email': 15, 'web': 0.0, 'deviation': 15}"
KCF0045,34.74396953025815,48.35621334534015,40.188867056290945,MEDIUM,"{'after_hours': 4.743969530258147, 'weekend': 0.0, 'file_anomaly': 0.0, 'usb': 0.0, 'email': 15, 'web': 0.0, 'deviation': 15}"
ACC0042,34.90368834758573,48.07695652834278,40.17299561988855,MEDIUM,"{'after_hours': 4.90368834758573, 'weekend': 0.0, 'file_anomaly': 0.0, 'usb': 0.0, 'email': 15, 'web': 0.0, 'deviation': 15}"
HCS0003,30.0,55.32600158853849,40.1304006354154,MEDIUM,"{'after_hours': 0.0, 'weekend': 0.0, 'file_anomaly': 0.0, 'usb': 0.0, 'email': 15, 'web': 0.0, 'deviation': 15}"
CLB0774,30.149833518312988,54.924136905720545,40.059554873276014,MEDIUM,"{'after_hours': 0.14983351831298555, 'weekend': 0.0, 'file_anomaly': 0.0, 'usb': 0.0, 'email': 15, 'web': 0.0, 'deviation': 15}"
SAA0999,32.36787100627053,50.84206192624494,39.7575473742603,MEDIUM,"{'after_hours': 2.367871006270529, 'weekend': 0.0, 'file_anomaly': 0.0, 'usb': 0.0, 'email': 15, 'web': 0.0, 'deviation': 15}"
JDF0593,33.23821339950372,49.181685724706746,39.61560232958493,MEDIUM,"{'after_hours': 0.0, 'weekend': 0.0, 'file_anomaly': 3.238213399503722, 'usb': 0.0, 'email': 15, 'web': 0.0, 'deviation': 15}"
JDC0030,32.25169441887708,50.583770333083564,39.584524784559676,MEDIUM,"{'after_hours': 2.251694418877081, 'weekend': 0.0, 'file_anomaly': 0.0, 'usb': 0.0, 'email': 15, 'web': 0.0, 'deviation': 15}"
AVM0947,30.0,53.73809924670646,39.49523969868258,MEDIUM,"{'after_hours': 0.0, 'weekend': 0.0, 'file_anomaly': 0.0, 'usb': 0.0, 'email': 15, 'web': 0.0, 'deviation': 15}"
THR0873,30.0,53.39780672769907,39.359122691079634,MEDIUM,"{'after_hours': 0.0, 'weekend': 0.0, 'file_anomaly': 0.0, 'usb': 0.0, 'email': 15, 'web': 0.0, 'deviation': 15}"
MOH0273,30.0,53.17477879232797,39.26991151693119,MEDIUM,"{'after_hours': 0.0, 'weekend': 0.0, 'file_anomaly': 0.0, 'usb': 0.0, 'email': 15, 'web': 0.0, 'deviation': 15}"
AOK0844,32.490824322983826,49.12421768325521,39.14418166709238,MEDIUM,"{'after_hours': 2.4908243229838307, 'weekend': 0.0, 'file_anomaly': 0.0, 'usb': 0.0, 'email': 15, 'web': 0.0, 'deviation': 15}"
BRB0355,36.45365168539326,42.70211571934289,38.953037298973115,MEDIUM,"{'after_hours': 0.0, 'weekend': 0.0, 'file_anomaly': 6.45365168539326, 'usb': 0.0, 'email': 15, 'web': 0.0, 'deviation': 15}"
RAW0915,35.85698064207672,43.39498661833561,38.87218303258028,MEDIUM,"{'after_hours': 2.2839958926213875, 'weekend': 0.0, 'file_anomaly': 3.572984749455337, 'usb': 0.0, 'email': 15, 'web': 0.0, 'deviation': 15}"
IRM0931,30.0,52.01676130612445,38.80670452244978,MEDIUM,"{'after_hours': 0.0, 'weekend': 0.0, 'file_anomaly': 0.0, 'usb': 0.0, 'email': 15, 'web': 0.0, 'deviation': 15}"
OBH0499,31.515151515151516,49.71863278571102,38.79654402337532,MEDIUM,"{'after_hours': 0.0, 'weekend': 0.0, 'file_anomaly': 1.515151515151516, 'usb': 0.0, 'email': 15, 'web': 0.0, 'deviation': 15}"
BJP0134,30.0,51.67827041953012,38.67130816781205,MEDIUM,"{'after_hours': 0.0, 'weekend': 0.0, 'file_anomaly': 0.0, 'usb': 0.0, 'email': 15, 'web': 0.0, 'deviation': 15}"
RSC0089,32.884393063583815,47.33871463815716,38.66612169341315,MEDIUM,"{'after_hours': 0.0, 'weekend': 0.0, 'file_anomaly': 2.8843930635838144, 'usb': 0.0, 'email': 15, 'web': 0.0, 'deviation': 15}"
WIF0691,30.74074074074074,50.021706562189586,38.453127069320274,MEDIUM,"{'after_hours': 0.7407407407407408, 'weekend': 0.0, 'file_anomaly': 0.0, 'usb': 0.0, 'email': 15, 'web': 0.0, 'deviation': 15}"
AIB0948,30.0,50.291652461679845,38.11666098467194,MEDIUM,"{'after_hours': 0.0, 'weekend': 0.0, 'file_anomaly': 0.0, 'usb': 0.0, 'email': 15, 'web': 0.0, 'deviation': 15}"
XWD0923,32.510259917920656,46.50369221585973,38.10763283709629,MEDIUM,"{'after_hours': 2.5102599179206564, 'weekend': 0.0, 'file_anomaly': 0.0, 'usb': 0.0, 'email': 15, 'web': 0.0, 'deviation': 15}"
QRM0739,30.0,49.68584046901111,37.87433618760444,MEDIUM,"{'after_hours': 0.0, 'weekend': 0.0, 'file_anomaly': 0.0, 'usb': 0.0, 'email': 15, 'web': 0.0, 'deviation': 15}"
ATE0869,30.0,49.596219897873,37.838487959149205,MEDIUM,"{'after_hours': 0.0, 'weekend': 0.0, 'file_anomaly': 0.0, 'usb': 0.0, 'email': 15, 'web': 0.0, 'deviation': 15}"
ABC0174,34.049235993208825,43.30382400357814,37.75107119735655,MEDIUM,"{'after_hours': 0.0, 'weekend': 0.0, 'file_anomaly': 4.049235993208828, 'usb': 0.0, 'email': 15, 'web': 0.0, 'deviation': 15}"
HDH0928,34.11764705882353,43.14971680067643,37.73047495556469,MEDIUM,"{'after_hours': 4.117647058823529, 'weekend': 0.0, 'file_anomaly': 0.0, 'usb': 0.0, 'email': 15, 'web': 0.0, 'deviation': 15}"
DBB0384,30.0,49.16713574994612,37.66685429997845,MEDIUM,"{'after_hours': 0.0, 'weekend': 0.0, 'file_anomaly': 0.0, 'usb': 0.0, 'email': 15, 'web': 0.0, 'deviation': 15}"
IIW0249,30.983086680761097,47.442272104722605,37.5667608503457,MEDIUM,"{'after_hours': 0.0, 'weekend': 0.0, 'file_anomaly': 0.9830866807610983, 'usb': 0.0, 'email': 15, 'web': 0.0, 'deviation': 15}"
QOS0878,30.0,48.82529936471969,37.53011974588787,MEDIUM,"{'after_hours': 0.0, 'weekend': 0.0, 'file_anomaly': 0.0, 'usb': 0.0, 'email': 15, 'web': 0.0, 'deviation': 15}"
RHL0992,36.43329043329044,39.1150405682992,37.50599048729394,MEDIUM,"{'after_hours': 2.4603174603174605, 'weekend': 0.0, 'file_anomaly': 3.9729729729729746, 'usb': 0.0, 'email': 15, 'web': 0.0, 'deviation': 15}"
CQW0652,34.77856659905341,41.36820285707439,37.414421102261805,MEDIUM,"{'after_hours': 4.117647058823529, 'weekend': 0.0, 'file_anomaly': 0.6609195402298851, 'usb': 0.0, 'email': 15, 'web': 0.0, 'deviation': 15}"
JNJ0556,30.0,48.523680695273555,37.40947227810942,MEDIUM,"{'after_hours': 0.0, 'weekend': 0.0, 'file_anomaly': 0.0, 'usb': 0.0, 'email': 15, 'web': 0.0, 'deviation': 15}"
NAF0326,30.0,48.51382994942405,37.40553197976962,MEDIUM,"{'after_hours': 0.0, 'weekend': 0.0, 'file_anomaly': 0.0, 'usb': 0.0, 'email': 15, 'web': 0.0, 'deviation': 15}"
ZKS0899,30.0,48.442805030315974,37.37712201212639,MEDIUM,"{'after_hours': 0.0, 'weekend': 0.0, 'file_anomaly': 0.0, 'usb': 0.0, 'email': 15, 'web': 0.0, 'deviation': 15}"
FUM0015,34.11764705882353,42.04158742779973,37.28722320641401,MEDIUM,"{'after_hours': 4.117647058823529, 'weekend': 0.0, 'file_anomaly': 0.0, 'usb': 0.0, 'email': 15, 'web': 0.0, 'deviation': 15}"
MDM0625,30.0,48.202650450493024,37.281060180197215,MEDIUM,"{'after_hours': 0.0, 'weekend': 0.0, 'file_anomaly': 0.0, 'usb': 0.0, 'email': 15, 'web': 0.0, 'deviation': 15}"
HAD0246,30.0,48.10527478091703,37.242109912366814,MEDIUM,"{'after_hours': 0.0, 'weekend': 0.0, 'file_anomaly': 0.0, 'usb': 0.0, 'email': 15, 'web': 0.0, 'deviation': 15}"
KMB0922,32.869875222816404,43.74090838325325,37.21828848699114,MEDIUM,"{'after_hours': 2.8698752228163995, 'weekend': 0.0, 'file_anomaly': 0.0, 'usb': 0.0, 'email': 15, 'web': 0.0, 'deviation': 15}"
HRB0351,30.0,47.9968121040094,37.19872484160376,MEDIUM,"{'after_hours': 0.0, 'weekend': 0.0, 'file_anomaly': 0.0, 'usb': 0.0, 'email': 15, 'web': 0.0, 'deviation': 15}"
CAS0507,30.0,47.70898646192512,37.083594584770054,MEDIUM,"{'after_hours': 0.0, 'weekend': 0.0, 'file_anomaly': 0.0, 'usb': 0.0, 'email': 15, 'web': 0.0, 'deviation': 15}"
NGC0058,32.48623864179818,43.96226728125647,37.07665009758149,MEDIUM,"{'after_hours': 1.5112386417981827, 'weekend': 0.0, 'file_anomaly': 0.9750000000000014, 'usb': 0.0, 'email': 15, 'web': 0.0, 'deviation': 15}"
VIA0063,30.0,47.6885262703817,37.075410508152686,MEDIUM,"{'after_hours': 0.0, 'weekend': 0.0, 'file_anomaly': 0.0, 'usb': 0.0, 'email': 15, 'web': 0.0, 'deviation': 15}"
DFH0188,29.98485710366827,47.645221745907584,37.049002960563996,MEDIUM,"{'after_hours': 0.0, 'weekend': 0.0, 'file_anomaly': 0.0, 'usb': 0.0, 'email': 15, 'web': 0.0, 'deviation': 14.984857103668269}"
BRM0995,32.58186033033903,43.621231817204546,36.99760892508524,MEDIUM,"{'after_hours': 2.581860330339032, 'weekend': 0.0, 'file_anomaly': 0.0, 'usb': 0.0, 'email': 15, 'web': 0.0, 'deviation': 15}"
HCM0267,30.0,47.306920699809204,36.92276827992369,MEDIUM,"{'after_hours': 0.0, 'weekend': 0.0, 'file_anomaly': 0.0, 'usb': 0.0, 'email': 15, 'web': 0.0, 'deviation': 15}"
TDS0984,30.0,47.260396018156506,36.9041584072626,MEDIUM,"{'after_hours': 0.0, 'weekend': 0.0, 'file_anomaly': 0.0, 'usb': 0.0, 'email': 15, 'web': 0.0, 'deviation': 15}"
KCO0122,32.937123169681314,42.84784016298787,36.901409967003936,MEDIUM,"{'after_hours': 2.9371231696813096, 'weekend': 0.0, 'file_anomaly': 0.0, 'usb': 0.0, 'email': 15, 'web': 0.0, 'deviation': 15}"
ESJ0670,30.0,47.05693916735806,36.82277566694323,MEDIUM,"{'after_hours': 0.0, 'weekend': 0.0, 'file_anomaly': 0.0, 'usb': 0.0, 'email': 15, 'web': 0.0, 'deviation': 15}"
JDB0169,30.0,47.03387119855207,36.81354847942083,MEDIUM,"{'after_hours': 0.0, 'weekend': 0.0, 'file_anomaly': 0.0, 'usb': 0.0, 'email': 15, 'web': 0.0, 'deviation': 15}"
HRL0540,32.60935143288084,43.0137973716903,36.77112980840462,MEDIUM,"{'after_hours': 2.6093514328808447, 'weekend': 0.0, 'file_anomaly': 0.0, 'usb': 0.0, 'email': 15, 'web': 0.0, 'deviation': 15}"
ATP0662,31.30640207890385,44.57973387967351,36.615734799211715,MEDIUM,"{'after_hours': 1.306402078903851, 'weekend': 0.0, 'file_anomaly': 0.0, 'usb': 0.0, 'email': 15, 'web': 0.0, 'deviation': 15}"
BVC0790,32.66666666666667,42.499817700807974,36.59992708032319,MEDIUM,"{'after_hours': 0.0, 'weekend': 0.0, 'file_anomaly': 2.6666666666666683, 'usb': 0.0, 'email': 15, 'web': 0.0, 'deviation': 15}"
OCS0865,32.2737686139748,43.079011596809345,36.59586580710862,MEDIUM,"{'after_hours': 0.0, 'weekend': 0.0, 'file_anomaly': 2.2737686139748003, 'usb': 0.0, 'email': 15, 'web': 0.0, 'deviation': 15}"
IBS0836,32.59679331855442,42.580368560898705,36.59022341549213,MEDIUM,"{'after_hours': 2.5967933185544156, 'weekend': 0.0, 'file_anomaly': 0.0, 'usb': 0.0, 'email': 15, 'web': 0.0, 'deviation': 15}"
IKP0472,31.84729064039409,43.45538771592593,36.49052947060682,MEDIUM,"{'after_hours': 0.0, 'weekend': 0.0, 'file_anomaly': 1.847290640394088, 'usb': 0.0, 'email': 15, 'web': 0.0, 'deviation': 15}"
SBN0866,30.0,46.1414023213003,36.45656092852012,MEDIUM,"{'after_hours': 0.0, 'weekend': 0.0, 'file_anomaly': 0.0, 'usb': 0.0, 'email': 15, 'web': 0.0, 'deviation': 15}"
RUM0880,30.0,45.779793696199,36.3119174784796,MEDIUM,"{'after_hours': 0.0, 'weekend': 0.0, 'file_anomaly': 0.0, 'usb': 0.0, 'email': 15, 'web': 0.0, 'deviation': 15}"
LBF0214,30.0,45.75856887897343,36.30342755158937,MEDIUM,"{'after_hours': 0.0, 'weekend': 0.0, 'file_anomaly': 0.0, 'usb': 0.0, 'email': 15, 'web': 0.0, 'deviation': 15}"
MLM0950,30.0,45.74623382308057,36.29849352923223,MEDIUM,"{'after_hours': 0.0, 'weekend': 0.0, 'file_anomaly': 0.0, 'usb': 0.0, 'email': 15, 'web': 0.0, 'deviation': 15}"
CGB0637,32.49323160226434,41.674189006366504,36.1656145639052,MEDIUM,"{'after_hours': 2.4932316022643364, 'weekend': 0.0, 'file_anomaly': 0.0, 'usb': 0.0, 'email': 15, 'web': 0.0, 'deviation': 15}"
HCL0651,34.081816475405795,39.16686561366283,36.11583613070861,MEDIUM,"{'after_hours': 2.345993515516443, 'weekend': 0.0, 'file_anomaly': 1.7358229598893504, 'usb': 0.0, 'email': 15, 'web': 0.0, 'deviation': 15}"
PMV0850,32.57568765667827,41.28298637226535,36.058607142913104,MEDIUM,"{'after_hours': 2.4736468403517393, 'weekend': 0.0, 'file_anomaly': 0.10204081632652962, 'usb': 0.0, 'email': 15, 'web': 0.0, 'deviation': 15}"
BTR0403,34.003001697848035,39.125055064494134,36.05182304450648,MEDIUM,"{'after_hours': 1.1183863132326537, 'weekend': 0.0, 'file_anomaly': 2.8846153846153832, 'usb': 0.0, 'email': 15, 'web': 0.0, 'deviation': 15}"
CHM0821,31.314504979905735,42.9732575160493,35.97800599436316,MEDIUM,"{'after_hours': 2.4844630726983667, 'weekend': 0.0, 'file_anomaly': 0.0, 'usb': 0.0, 'email': 15, 'web': 0.0, 'deviation': 13.830041907207368}"
AJN0607,32.048780487804876,41.680926626943105,35.90163894346017,MEDIUM,"{'after_hours': 0.0, 'weekend': 0.0, 'file_anomaly': 2.0487804878048776, 'usb': 0.0, 'email': 15, 'web': 0.0, 'deviation': 15}"
AHD0848,32.23448415510782,41.31795999733306,35.86787449199792,MEDIUM,"{'after_hours': 2.2344841551078263, 'weekend': 0.0, 'file_anomaly': 0.0, 'usb': 0.0, 'email': 15, 'web': 0.0, 'deviation': 15}"
MCD0125,32.05630970336853,41.33037761699453,35.765936868818926,MEDIUM,"{'after_hours': 2.056309703368527, 'weekend': 0.0, 'file_anomaly': 0.0, 'usb': 0.0, 'email': 15, 'web': 0.0, 'deviation': 15}"
KBP0008,30.0,44.37176454654402,35.74870581861761,MEDIUM,"{'after_hours': 0.0, 'weekend': 0.0, 'file_anomaly': 0.0, 'usb': 0.0, 'email': 15, 'web': 0.0, 'deviation': 15}"
LCC0819,34.11764705882353,38.1817593217391,35.743291963989755,MEDIUM,"{'after_hours': 4.117647058823529, 'weekend': 0.0, 'file_anomaly': 0.0, 'usb': 0.0, 'email': 15, 'web': 0.0, 'deviation': 15}"
HDD0806,32.31339594661394,40.81057942885261,35.712269339509405,MEDIUM,"{'after_hours': 2.31339594661394, 'weekend': 0.0, 'file_anomaly': 0.0, 'usb': 0.0, 'email': 15, 'web': 0.0, 'deviation': 15}"
JHP0583,30.0,43.86011306399109,35.544045225596435,MEDIUM,"{'after_hours': 0.0, 'weekend': 0.0, 'file_anomaly': 0.0, 'usb': 0.0, 'email': 15, 'web': 0.0, 'deviation': 15}"
FKK0055,30.0,43.83221758222634,35.53288703289054,MEDIUM,"{'after_hours': 0.0, 'weekend': 0.0, 'file_anomaly': 0.0, 'usb': 0.0, 'email': 15, 'web': 0.0, 'deviation': 15}"
GKO0078,30.0,43.69561973329036,35.478247893316144,MEDIUM,"{'after_hours': 0.0, 'weekend': 0.0, 'file_anomaly': 0.0, 'usb': 0.0, 'email': 15, 'web': 0.0, 'deviation': 15}"
KKW0879,30.0,43.61805223102839,35.44722089241136,MEDIUM,"{'after_hours': 0.0, 'weekend': 0.0, 'file_anomaly': 0.0, 'usb': 0.0, 'email': 15, 'web': 0.0, 'deviation': 15}"
BTW0005,30.0,43.49500601193086,35.39800240477234,MEDIUM,"{'after_hours': 0.0, 'weekend': 0.0, 'file_anomaly': 0.0, 'usb': 0.0, 'email': 15, 'web': 0.0, 'deviation': 15}"
RHO0732,31.56140350877193,41.115668897153846,35.383109664124696,MEDIUM,"{'after_hours': 0.0, 'weekend': 0.0, 'file_anomaly': 1.5614035087719302, 'usb': 0.0, 'email': 15, 'web': 0.0, 'deviation': 15}"
PNH0761,30.0,43.29869440368199,35.3194777614728,MEDIUM,"{'after_hours': 0.0, 'weekend': 0.0, 'file_anomaly': 0.0, 'usb': 0.0, 'email': 15, 'web': 0.0, 'deviation': 15}"
JMD0520,30.0,42.93332165257476,35.173328661029906,MEDIUM,"{'after_hours': 0.0, 'weekend': 0.0, 'file_anomaly': 0.0, 'usb': 0.0, 'email': 15, 'web': 0.0, 'deviation': 15}"
BDI0533,30.0,42.87657511441913,35.150630045767656,MEDIUM,"{'after_hours': 0.0, 'weekend': 0.0, 'file_anomaly': 0.0, 'usb': 0.0, 'email': 15, 'web': 0.0, 'deviation': 15}"
VCC0396,31.491781246769357,40.630755804753264,35.14737106996292,MEDIUM,"{'after_hours': 1.491781246769358, 'weekend': 0.0, 'file_anomaly': 0.0, 'usb': 0.0, 'email': 15, 'web': 0.0, 'deviation': 15}"
LRR0148,30.087936480833264,42.45809017696689,35.03599795928672,MEDIUM,"{'after_hours': 0.08793648083326233, 'weekend': 0.0, 'file_anomaly': 0.0, 'usb': 0.0, 'email': 15, 'web': 0.0, 'deviation': 15}"
MKW0441,33.17102137767221,37.631611204279636,34.95525730831518,MEDIUM,"{'after_hours': 0.0, 'weekend': 0.0, 'file_anomaly': 3.1710213776722096, 'usb': 0.0, 'email': 15, 'web': 0.0, 'deviation': 15}"
BBS0422,30.0,42.36793462541684,34.947173850166735,MEDIUM,"{'after_hours': 0.0, 'weekend': 0.0, 'file_anomaly': 0.0, 'usb': 0.0, 'email': 15, 'web': 0.0, 'deviation': 15}"
NOB0181,30.0,42.298795567776146,34.91951822711046,MEDIUM,"{'after_hours': 0.0, 'weekend': 0.0, 'file_anomaly': 0.0, 'usb': 0.0, 'email': 15, 'web': 0.0, 'deviation': 15}"
CTA0020,30.924092409240924,40.87977482877718,34.90636537705542,MEDIUM,"{'after_hours': 0.0, 'weekend': 0.0, 'file_anomaly': 0.9240924092409242, 'usb': 0.0, 'email': 15, 'web': 0.0, 'deviation': 15}"
CFM0767,30.347043701799485,41.64044766680364,34.86440528780115,MEDIUM,"{'after_hours': 0.0, 'weekend': 0.0, 'file_anomaly': 0.3470437017994876, 'usb': 0.0, 'email': 15, 'web': 0.0, 'deviation': 15}"
FSC0601,33.74425727411945,36.5325204249869,34.85956253446643,MEDIUM,"{'after_hours': 0.0, 'weekend': 0.0, 'file_anomaly': 3.744257274119447, 'usb': 0.0, 'email': 15, 'web': 0.0, 'deviation': 15}"
WIQ0567,30.0,42.04231449018672,34.816925796074685,MEDIUM,"{'after_hours': 0.0, 'weekend': 0.0, 'file_anomaly': 0.0, 'usb': 0.0, 'email': 15, 'web': 0.0, 'deviation': 15}"
JAJ0849,32.59586428428027,38.12179758593411,34.806237604941806,MEDIUM,"{'after_hours': 2.595864284280265, 'weekend': 0.0, 'file_anomaly': 0.0, 'usb': 0.0, 'email': 15, 'web': 0.0, 'deviation': 15}"
JJH0613,30.0,41.90648616945618,34.76259446778248,MEDIUM,"{'after_hours': 0.0, 'weekend': 0.0, 'file_anomaly': 0.0, 'usb': 0.0, 'email': 15, 'web': 0.0, 'deviation': 15}"
VTT0385,30.0,41.86839002079961,34.74735600831984,MEDIUM,"{'after_hours': 0.0, 'weekend': 0.0, 'file_anomaly': 0.0, 'usb': 0.0, 'email': 15, 'web': 0.0, 'deviation': 15}"
RLG0856,31.57185628742515,39.47291197073768,34.73227856075016,MEDIUM,"{'after_hours': 0.0, 'weekend': 0.0, 'file_anomaly': 1.5718562874251507, 'usb': 0.0, 'email': 15, 'web': 0.0, 'deviation': 15}"
CMB0912,30.0,41.651902584436485,34.66076103377459,MEDIUM,"{'after_hours': 0.0, 'weekend': 0.0, 'file_anomaly': 0.0, 'usb': 0.0, 'email': 15, 'web': 0.0, 'deviation': 15}"
AAM0658,34.246082712561005,35.092289192814775,34.58456530466252,MEDIUM,"{'after_hours': 4.246082712561006, 'weekend': 0.0, 'file_anomaly': 0.0, 'usb': 0.0, 'email': 15, 'web': 0.0, 'deviation': 15}"
TVS0006,30.0,41.447483007603736,34.57899320304149,MEDIUM,"{'after_hours': 0.0, 'weekend': 0.0, 'file_anomaly': 0.0, 'usb': 0.0, 'email': 15, 'web': 0.0, 'deviation': 15}"
XHW0498,30.5440414507772,40.45868984234753,34.50990080740533,MEDIUM,"{'after_hours': 0.0, 'weekend': 0.0, 'file_anomaly': 0.5440414507772018, 'usb': 0.0, 'email': 15, 'web': 0.0, 'deviation': 15}"
RZC0746,30.0,41.23346754511969,34.493387018047876,MEDIUM,"{'after_hours': 0.0, 'weekend': 0.0, 'file_anomaly': 0.0, 'usb': 0.0, 'email': 15, 'web': 0.0, 'deviation': 15}"
DCH0843,34.15766306522609,34.9665602553317,34.48122194126833,MEDIUM,"{'after_hours': 4.157663065226091, 'weekend': 0.0, 'file_anomaly': 0.0, 'usb': 0.0, 'email': 15, 'web': 0.0, 'deviation': 15}"
BRS0734,30.0,41.19025938936538,34.47610375574615,MEDIUM,"{'after_hours': 0.0, 'weekend': 0.0, 'file_anomaly': 0.0, 'usb': 0.0, 'email': 15, 'web': 0.0, 'deviation': 15}"
AIP0982,30.0,41.06018152489443,34.424072609957776,MEDIUM,"{'after_hours': 0.0, 'weekend': 0.0, 'file_anomaly': 0.0, 'usb': 0.0, 'email': 15, 'web': 0.0, 'deviation': 15}"
LCB0664,30.0,41.00904772268286,34.403619089073146,MEDIUM,"{'after_hours': 0.0, 'weekend': 0.0, 'file_anomaly': 0.0, 'usb': 0.0, 'email': 15, 'web': 0.0, 'deviation': 15}"
DMK0257,30.0,40.964811564067105,34.38592462562684,MEDIUM,"{'after_hours': 0.0, 'weekend': 0.0, 'file_anomaly': 0.0, 'usb': 0.0, 'email': 15, 'web': 0.0, 'deviation': 15}"
PTH0830,34.11764705882353,34.77823514829005,34.381882294610136,MEDIUM,"{'after_hours': 4.117647058823529, 'weekend': 0.0, 'file_anomaly': 0.0, 'usb': 0.0, 'email': 15, 'web': 0.0, 'deviation': 15}"
PAD0773,30.0,40.95178964237189,34.380715856948754,MEDIUM,"{'after_hours': 0.0, 'weekend': 0.0, 'file_anomaly': 0.0, 'usb': 0.0, 'email': 15, 'web': 0.0, 'deviation': 15}"
ICH0294,29.325082436191263,41.8421503138521,34.331909587255595,MEDIUM,"{'after_hours': 0.0, 'weekend': 0.0, 'file_anomaly': 0.0, 'usb': 0.0, 'email': 15, 'web': 0.0, 'deviation': 14.325082436191263}"
JFC0557,30.0,40.66686011918392,34.26674404767357,MEDIUM,"{'after_hours': 0.0, 'weekend': 0.0, 'file_anomaly': 0.0, 'usb': 0.0, 'email': 15, 'web': 0.0, 'deviation': 15}"
BIH0745,30.0,40.620938830473904,34.24837553218956,MEDIUM,"{'after_hours': 0.0, 'weekend': 0.0, 'file_anomaly': 0.0, 'usb': 0.0, 'email': 15, 'web': 0.0, 'deviation': 15}"
EHB0824,34.26111908177906,34.067693772676385,34.18374895813799,MEDIUM,"{'after_hours': 4.261119081779053, 'weekend': 0.0, 'file_anomaly': 0.0, 'usb': 0.0, 'email': 15, 'web': 0.0, 'deviation': 15}"
TVS0050,30.0,40.45412152742176,34.18164861096871,MEDIUM,"{'after_hours': 0.0, 'weekend': 0.0, 'file_anomaly': 0.0, 'usb': 0.0, 'email': 15, 'web': 0.0, 'deviation': 15}"
MLL0598,30.0,40.44219937646595,34.17687975058638,MEDIUM,"{'after_hours': 0.0, 'weekend': 0.0, 'file_anomaly': 0.0, 'usb': 0.0, 'email': 15, 'web': 0.0, 'deviation': 15}"
RNP0211,30.0,40.422548476325694,34.16901939053028,MEDIUM,"{'after_hours': 0.0, 'weekend': 0.0, 'file_anomaly': 0.0, 'usb': 0.0, 'email': 15, 'web': 0.0, 'deviation': 15}"
LJT0817,32.25672639280982,36.99568484809216,34.152309774922756,MEDIUM,"{'after_hours': 2.2567263928098176, 'weekend': 0.0, 'file_anomaly': 0.0, 'usb': 0.0, 'email': 15, 'web': 0.0, 'deviation': 15}"
IKR0401,32.006558721049394,37.2874116998641,34.11889991257527,MEDIUM,"{'after_hours': 2.0065587210493954, 'weekend': 0.0, 'file_anomaly': 0.0, 'usb': 0.0, 'email': 15, 'web': 0.0, 'deviation': 15}"
ACV0812,33.54274939060847,34.929028290684315,34.09726095063881,MEDIUM,"{'after_hours': 3.5427493906084715, 'weekend': 0.0, 'file_anomaly': 0.0, 'usb': 0.0, 'email': 15, 'web': 0.0, 'deviation': 15}"
RRC0553,30.0,40.10474764907262,34.041899059629046,MEDIUM,"{'after_hours': 0.0, 'weekend': 0.0, 'file_anomaly': 0.0, 'usb': 0.0, 'email': 15, 'web': 0.0, 'deviation': 15}"
JBD0616,30.0,40.04623211038734,34.018492844154935,MEDIUM,"{'after_hours': 0.0, 'weekend': 0.0, 'file_anomaly': 0.0, 'usb': 0.0, 'email': 15, 'web': 0.0, 'deviation': 15}"
HRD0635,31.844919786096256,37.27362582235076,34.01640220059806,MEDIUM,"{'after_hours': 1.844919786096257, 'weekend': 0.0, 'file_anomaly': 0.0, 'usb': 0.0, 'email': 15, 'web': 0.0, 'deviation': 15}"
COF0120,34.39399921042242,33.39887983338626,33.99595145960796,MEDIUM,"{'after_hours': 4.393999210422424, 'weekend': 0.0, 'file_anomaly': 0.0, 'usb': 0.0, 'email': 15, 'web': 0.0, 'deviation': 15}"
FFC0891,30.0,39.98107150108955,33.99242860043582,MEDIUM,"{'after_hours': 0.0, 'weekend': 0.0, 'file_anomaly': 0.0, 'usb': 0.0, 'email': 15, 'web': 0.0, 'deviation': 15}"
GHH0288,30.0,39.94785067297394,33.97914026918958,MEDIUM,"{'after_hours': 0.0, 'weekend': 0.0, 'file_anomaly': 0.0, 'usb': 0.0, 'email': 15, 'web': 0.0, 'deviation': 15}"
SGM0021,30.0,39.94678399894616,33.97871359957846,MEDIUM,"{'after_hours': 0.0, 'weekend': 0.0, 'file_anomaly': 0.0, 'usb': 0.0, 'email': 15, 'web': 0.0, 'deviation': 15}"
ILJ0526,30.0,39.91134097524447,33.96453639009779,MEDIUM,"{'after_hours': 0.0, 'weekend': 0.0, 'file_anomaly': 0.0, 'usb': 0.0, 'email': 15, 'web': 0.0, 'deviation': 15}"
MDH0686,30.787846670199613,38.69254213023699,33.949724854214566,MEDIUM,"{'after_hours': 0.7878466701996114, 'weekend': 0.0, 'file_anomaly': 0.0, 'usb': 0.0, 'email': 15, 'web': 0.0, 'deviation': 15}"
SNC0187,30.0,39.75202575537469,33.90081030214988,MEDIUM,"{'after_hours': 0.0, 'weekend': 0.0, 'file_anomaly': 0.0, 'usb': 0.0, 'email': 15, 'web': 0.0, 'deviation': 15}"
HXL0968,31.834381551362682,36.98740033310814,33.89558906406087,MEDIUM,"{'after_hours': 0.0, 'weekend': 0.0, 'file_anomaly': 1.8343815513626827, 'usb': 0.0, 'email': 15, 'web': 0.0, 'deviation': 15}"
MTB0620,30.0,39.71541331716795,33.88616532686718,MEDIUM,"{'after_hours': 0.0, 'weekend': 0.0, 'file_anomaly': 0.0, 'usb': 0.0, 'email': 15, 'web': 0.0, 'deviation': 15}"
ESH0283,30.0,39.5771893338384,33.83087573353536,MEDIUM,"{'after_hours': 0.0, 'weekend': 0.0, 'file_anomaly': 0.0, 'usb': 0.0, 'email': 15, 'web': 0.0, 'deviation': 15}"
VMJ0546,30.0,39.510563726170545,33.80422549046822,MEDIUM,"{'after_hours': 0.0, 'weekend': 0.0, 'file_anomaly': 0.0, 'usb': 0.0, 'email': 15, 'web': 0.0, 'deviation': 15}"
BQS0525,27.20716165649296,43.69332066492707,33.801625259866604,MEDIUM,"{'after_hours': 0.0, 'weekend': 0.0, 'file_anomaly': 0.0, 'usb': 0.0, 'email': 15, 'web': 0.0, 'deviation': 12.20716165649296}"
MCF0600,30.0,39.40833713708136,33.76333485483254,MEDIUM,"{'after_hours': 0.0, 'weekend': 0.0, 'file_anomaly': 0.0, 'usb': 0.0, 'email': 15, 'web': 0.0, 'deviation': 15}"
JBM0350,32.667389536459744,35.32595494737945,33.73081570082763,MEDIUM,"{'after_hours': 2.6673895364597455, 'weekend': 0.0, 'file_anomaly': 0.0, 'usb': 0.0, 'email': 15, 'web': 0.0, 'deviation': 15}"
AKR0057,30.86547005509152,38.02716558139816,33.730148265614176,MEDIUM,"{'after_hours': 0.8654700550915231, 'weekend': 0.0, 'file_anomaly': 0.0, 'usb': 0.0, 'email': 15, 'web': 0.0, 'deviation': 15}"
CTR0341,30.0,39.290646217170504,33.7162584868682,MEDIUM,"{'after_hours': 0.0, 'weekend': 0.0, 'file_anomaly': 0.0, 'usb': 0.0, 'email': 15, 'web': 0.0, 'deviation': 15}"
KRL0501,31.747404844290656,36.6476942617875,33.7075206112894,MEDIUM,"{'after_hours': 0.0, 'weekend': 0.0, 'file_anomaly': 1.7474048442906565, 'usb': 0.0, 'email': 15, 'web': 0.0, 'deviation': 15}"
OLW0689,30.541618107096852,38.42044065461299,33.693147126103305,MEDIUM,"{'after_hours': 0.5416181070968535, 'weekend': 0.0, 'file_anomaly': 0.0, 'usb': 0.0, 'email': 15, 'web': 0.0, 'deviation': 15}"
ILH0958,25.157291390709656,46.41918416924372,33.662048502123284,MEDIUM,"{'after_hours': 0.0, 'weekend': 0.0, 'file_anomaly': 0.0, 'usb': 0.0, 'email': 15, 'web': 0.0, 'deviation': 10.157291390709656}"
BWP0202,30.0,39.12929342878105,33.65171737151242,MEDIUM,"{'after_hours': 0.0, 'weekend': 0.0, 'file_anomaly': 0.0, 'usb': 0.0, 'email': 15, 'web': 0.0, 'deviation': 15}"
EDB0714,31.41634980988593,36.95879587163183,33.63332823458429,MEDIUM,"{'after_hours': 0.0, 'weekend': 0.0, 'file_anomaly': 1.4163498098859306, 'usb': 0.0, 'email': 15, 'web': 0.0, 'deviation': 15}"
JCR0172,30.0,39.047328657967896,33.61893146318716,MEDIUM,"{'after_hours': 0.0, 'weekend': 0.0, 'file_anomaly': 0.0, 'usb': 0.0, 'email': 15, 'web': 0.0, 'deviation': 15}"
RSM0277,30.521628498727736,38.25824287255559,33.616274248258875,MEDIUM,"{'after_hours': 0.0, 'weekend': 0.0, 'file_anomaly': 0.5216284987277353, 'usb': 0.0, 'email': 15, 'web': 0.0, 'deviation': 15}"
BEH0615,32.126865671641795,35.697146200346566,33.554977883123705,MEDIUM,"{'after_hours': 0.0, 'weekend': 0.0, 'file_anomaly': 2.126865671641791, 'usb': 0.0, 'email': 15, 'web': 0.0, 'deviation': 15}"
EGD0132,31.403508771929825,36.733548594447804,33.53552470093702,MEDIUM,"{'after_hours': 0.0, 'weekend': 0.0, 'file_anomaly': 1.4035087719298245, 'usb': 0.0, 'email': 15, 'web': 0.0, 'deviation': 15}"
FDE0117,34.11764705882353,32.63897884682837,33.526179774025465,MEDIUM,"{'after_hours': 4.117647058823529, 'weekend': 0.0, 'file_anomaly': 0.0, 'usb': 0.0, 'email': 15, 'web': 0.0, 'deviation': 15}"
CWR0502,31.738562091503265,36.15016044272111,33.503201431990405,MEDIUM,"{'after_hours': 0.0, 'weekend': 0.0, 'file_anomaly': 1.7385620915032662, 'usb': 0.0, 'email': 15, 'web': 0.0, 'deviation': 15}"
GNS0178,30.0,38.672895047215015,33.469158018886006,MEDIUM,"{'after_hours': 0.0, 'weekend': 0.0, 'file_anomaly': 0.0, 'usb': 0.0, 'email': 15, 'web': 0.0, 'deviation': 15}"
WXH0872,30.0,38.668571114833554,33.46742844593342,MEDIUM,"{'after_hours': 0.0, 'weekend': 0.0, 'file_anomaly': 0.0, 'usb': 0.0, 'email': 15, 'web': 0.0, 'deviation': 15}"
SBN0971,30.0,38.636104257154145,33.45444170286166,MEDIUM,"{'after_hours': 0.0, 'weekend': 0.0, 'file_anomaly': 0.0, 'usb': 0.0, 'email': 15, 'web': 0.0, 'deviation': 15}"
MVB0515,30.0,38.62814291415184,33.451257165660735,MEDIUM,"{'after_hours': 0.0, 'weekend': 0.0, 'file_anomaly': 0.0, 'usb': 0.0, 'email': 15, 'web': 0.0, 'deviation': 15}"
NGF0157,30.856929607687643,37.284833161631084,33.42809102926502,MEDIUM,"{'after_hours': 0.8569296076876431, 'weekend': 0.0, 'file_anomaly': 0.0, 'usb': 0.0, 'email': 15, 'web': 0.0, 'deviation': 15}"
PDH0716,30.0,38.5699359143951,33.42797436575804,MEDIUM,"{'after_hours': 0.0, 'weekend': 0.0, 'file_anomaly': 0.0, 'usb': 0.0, 'email': 15, 'web': 0.0, 'deviation': 15}"
NWK0215,30.0,38.53110236570746,33.412440946282985,MEDIUM,"{'after_hours': 0.0, 'weekend': 0.0, 'file_anomaly': 0.0, 'usb': 0.0, 'email': 15, 'web': 0.0, 'deviation': 15}"
CAB0614,30.0,38.447359878162494,33.378943951265,MEDIUM,"{'after_hours': 0.0, 'weekend': 0.0, 'file_anomaly': 0.0, 'usb': 0.0, 'email': 15, 'web': 0.0, 'deviation': 15}"
NMS0280,30.0,38.4137074665442,33.36548298661768,MEDIUM,"{'after_hours': 0.0, 'weekend': 0.0, 'file_anomaly': 0.0, 'usb': 0.0, 'email': 15, 'web': 0.0, 'deviation': 15}"
VFM0814,32.03926681493979,35.3176914196014,33.35063665680444,MEDIUM,"{'after_hours': 2.039266814939796, 'weekend': 0.0, 'file_anomaly': 0.0, 'usb': 0.0, 'email': 15, 'web': 0.0, 'deviation': 15}"
JCG0316,30.0,38.37503556222,33.350014224888,MEDIUM,"{'after_hours': 0.0, 'weekend': 0.0, 'file_anomaly': 0.0, 'usb': 0.0, 'email': 15, 'web': 0.0, 'deviation': 15}"
LAM0911,32.51112209589718,34.589738010401014,33.34256846169871,MEDIUM,"{'after_hours': 2.5111220958971825, 'weekend': 0.0, 'file_anomaly': 0.0, 'usb': 0.0, 'email': 15, 'web': 0.0, 'deviation': 15}"
IAR0694,30.048492515285684,38.256316103196085,33.33162195044984,MEDIUM,"{'after_hours': 0.048492515285684365, 'weekend': 0.0, 'file_anomaly': 0.0, 'usb': 0.0, 'email': 15, 'web': 0.0, 'deviation': 15}"
HFB0347,30.0,38.318459881182484,33.32738395247299,MEDIUM,"{'after_hours': 0.0, 'weekend': 0.0, 'file_anomaly': 0.0, 'usb': 0.0, 'email': 15, 'web': 0.0, 'deviation': 15}"
DAR0885,24.694400186282408,46.228089105289094,33.307875753885085,MEDIUM,"{'after_hours': 0.0, 'weekend': 0.0, 'file_anomaly': 0.0, 'usb': 0.0, 'email': 15, 'web': 0.0, 'deviation': 9.694400186282406}"
AHM0410,30.0,38.222547630240506,33.2890190520962,MEDIUM,"{'after_hours': 0.0, 'weekend': 0.0, 'file_anomaly': 0.0, 'usb': 0.0, 'email': 15, 'web': 0.0, 'deviation': 15}"
ESR0693,30.931372549019606,36.81163062566928,33.28347577967948,MEDIUM,"{'after_hours': 0.9313725490196079, 'weekend': 0.0, 'file_anomaly': 0.0, 'usb': 0.0, 'email': 15, 'web': 0.0, 'deviation': 15}"
AAF0535,32.254901960784316,34.72869705126597,33.24441999697698,MEDIUM,"{'after_hours': 0.0, 'weekend': 0.0, 'file_anomaly': 2.2549019607843146, 'usb': 0.0, 'email': 15, 'web': 0.0, 'deviation': 15}"
EDA0684,30.078058466421034,37.90447558683339,33.20862531458598,MEDIUM,"{'after_hours': 2.914438502673797, 'weekend': 0.0, 'file_anomaly': 0.0, 'usb': 0.0, 'email': 15, 'web': 0.0, 'deviation': 12.163619963747239}"
SCP0130,30.306501547987615,37.430258544725504,33.15600434668277,MEDIUM,"{'after_hours': 0.0, 'weekend': 0.0, 'file_anomaly': 0.30650154798761653, 'usb': 0.0, 'email': 15, 'web': 0.0, 'deviation': 15}"
HBO0413,30.557163531114327,36.964159504057854,33.119961920291736,MEDIUM,"{'after_hours': 0.0, 'weekend': 0.0, 'file_anomaly': 0.5571635311143264, 'usb': 0.0, 'email': 15, 'web': 0.0, 'deviation': 15}"
NAH0503,30.0,37.592347944124455,33.036939177649785,MEDIUM,"{'after_hours': 0.0, 'weekend': 0.0, 'file_anomaly': 0.0, 'usb': 0.0, 'email': 15, 'web': 0.0, 'deviation': 15}"
MDH0580,30.27331189710611,37.162788580582166,33.02910257049653,MEDIUM,"{'after_hours': 0.0, 'weekend': 0.0, 'file_anomaly': 0.2733118971061099, 'usb': 0.0, 'email': 15, 'web': 0.0, 'deviation': 15}"
FEB0306,30.0,37.458250307243034,32.98330012289721,MEDIUM,"{'after_hours': 0.0, 'weekend': 0.0, 'file_anomaly': 0.0, 'usb': 0.0, 'email': 15, 'web': 0.0, 'deviation': 15}"
AJR0319,30.0,37.42094793825931,32.968379175303724,MEDIUM,"{'after_hours': 0.0, 'weekend': 0.0, 'file_anomaly': 0.0, 'usb': 0.0, 'email': 15, 'web': 0.0, 'deviation': 15}"
AMW0392,31.37817806548457,35.263384049682074,32.93226045916357,MEDIUM,"{'after_hours': 1.3781780654845672, 'weekend': 0.0, 'file_anomaly': 0.0, 'usb': 0.0, 'email': 15, 'web': 0.0, 'deviation': 15}"
GZC0735,30.0,37.315647422972106,32.926258969188844,MEDIUM,"{'after_hours': 0.0, 'weekend': 0.0, 'file_anomaly': 0.0, 'usb': 0.0, 'email': 15, 'web': 0.0, 'deviation': 15}"
SGG0787,32.529163564159845,33.45278396667444,32.89861172516568,MEDIUM,"{'after_hours': 2.529163564159841, 'weekend': 0.0, 'file_anomaly': 0.0, 'usb': 0.0, 'email': 15, 'web': 0.0, 'deviation': 15}"
JMC0925,32.34927615906176,33.675229450604256,32.879657475678755,MEDIUM,"{'after_hours': 2.349276159061756, 'weekend': 0.0, 'file_anomaly': 0.0, 'usb': 0.0, 'email': 15, 'web': 0.0, 'deviation': 15}"
JLW0053,32.1285277116627,33.96872311628792,32.86460587351279,MEDIUM,"{'after_hours': 2.1285277116627, 'weekend': 0.0, 'file_anomaly': 0.0, 'usb': 0.0, 'email': 15, 'web': 0.0, 'deviation': 15}"
EHB0420,30.0,37.127031926745445,32.85081277069818,MEDIUM,"{'after_hours': 0.0, 'weekend': 0.0, 'file_anomaly': 0.0, 'usb': 0.0, 'email': 15, 'web': 0.0, 'deviation': 15}"
RDT0424,31.379310344827584,34.95698189118493,32.810378963370525,MEDIUM,"{'after_hours': 0.0, 'weekend': 0.0, 'file_anomaly': 1.3793103448275845, 'usb': 0.0, 'email': 15, 'web': 0.0, 'deviation': 15}"
YIC0195,30.0,37.00053707098993,32.80021482839597,MEDIUM,"{'after_hours': 0.0, 'weekend': 0.0, 'file_anomaly': 0.0, 'usb': 0.0, 'email': 15, 'web': 0.0, 'deviation': 15}"
FOB0756,30.0,36.97681963885087,32.79072785554035,MEDIUM,"{'after_hours': 0.0, 'weekend': 0.0, 'file_anomaly': 0.0, 'usb': 0.0, 'email': 15, 'web': 0.0, 'deviation': 15}"
ELB0847,33.901497606916784,31.115106021176892,32.786940972620826,MEDIUM,"{'after_hours': 3.9014976069167835, 'weekend': 0.0, 'file_anomaly': 0.0, 'usb': 0.0, 'email': 15, 'web': 0.0, 'deviation': 15}"
JKJ0698,30.0,36.93118522267004,32.77247408906801,MEDIUM,"{'after_hours': 0.0, 'weekend': 0.0, 'file_anomaly': 0.0, 'usb': 0.0, 'email': 15, 'web': 0.0, 'deviation': 15}"
BIS0247,30.0,36.85210634987928,32.740842539951714,MEDIUM,"{'after_hours': 0.0, 'weekend': 0.0, 'file_anomaly': 0.0, 'usb': 0.0, 'email': 15, 'web': 0.0, 'deviation': 15}"
LDD0560,25.48839404366371,43.562174423598556,32.717906195637646,MEDIUM,"{'after_hours': 0.0, 'weekend': 0.0, 'file_anomaly': 0.0, 'usb': 0.0, 'email': 15, 'web': 0.0, 'deviation': 10.488394043663709}"
GCL0016,30.57788944723618,35.90196183211209,32.70751840118655,MEDIUM,"{'after_hours': 0.0, 'weekend': 0.0, 'file_anomaly': 0.5778894472361817, 'usb': 0.0, 'email': 15, 'web': 0.0, 'deviation': 15}"
TTD1000,34.11764705882353,30.554035420958048,32.692202403677335,MEDIUM,"{'after_hours': 4.117647058823529, 'weekend': 0.0, 'file_anomaly': 0.0, 'usb': 0.0, 'email': 15, 'web': 0.0, 'deviation': 15}"
DIB0081,30.0,36.69374728186685,32.67749891274674,MEDIUM,"{'after_hours': 0.0, 'weekend': 0.0, 'file_anomaly': 0.0, 'usb': 0.0, 'email': 15, 'web': 0.0, 'deviation': 15}"
KJJ0293,30.150943396226417,36.38014210315947,32.64262287899964,MEDIUM,"{'after_hours': 0.0, 'weekend': 0.0, 'file_anomaly': 0.15094339622641506, 'usb': 0.0, 'email': 15, 'web': 0.0, 'deviation': 15}"
CPG0322,30.0,36.563181781651004,32.625272712660404,MEDIUM,"{'after_hours': 0.0, 'weekend': 0.0, 'file_anomaly': 0.0, 'usb': 0.0, 'email': 15, 'web': 0.0, 'deviation': 15}"
HVF0067,30.0,36.526235607199894,32.61049424287996,MEDIUM,"{'after_hours': 0.0, 'weekend': 0.0, 'file_anomaly': 0.0, 'usb': 0.0, 'email': 15, 'web': 0.0, 'deviation': 15}"
QJR0688,30.646693459992694,35.54140680145256,32.60457879657664,MEDIUM,"{'after_hours': 0.6466934599926928, 'weekend': 0.0, 'file_anomaly': 0.0, 'usb': 0.0, 'email': 15, 'web': 0.0, 'deviation': 15}"
SSJ0784,30.0,36.50122873386818,32.600491493547274,MEDIUM,"{'after_hours': 0.0, 'weekend': 0.0, 'file_anomaly': 0.0, 'usb': 0.0, 'email': 15, 'web': 0.0, 'deviation': 15}"
MAS0025,30.0,36.492433813000794,32.59697352520032,MEDIUM,"{'after_hours': 0.0, 'weekend': 0.0, 'file_anomaly': 0.0, 'usb': 0.0, 'email': 15, 'web': 0.0, 'deviation': 15}"
LDG0459,30.020833333333336,36.42296252850952,32.581685011403806,MEDIUM,"{'after_hours': 0.0, 'weekend': 0.0, 'file_anomaly': 0.02083333333333437, 'usb': 0.0, 'email': 15, 'web': 0.0, 'deviation': 15}"
MSS0001,30.0,36.370557420189584,32.548222968075834,MEDIUM,"{'after_hours': 0.0, 'weekend': 0.0, 'file_anomaly': 0.0, 'usb': 0.0, 'email': 15, 'web': 0.0, 'deviation': 15}"
IJM0444,30.0,36.35050170641972,32.540200682567885,MEDIUM,"{'after_hours': 0.0, 'weekend': 0.0, 'file_anomaly': 0.0, 'usb': 0.0, 'email': 15, 'web': 0.0, 'deviation': 15}"
CIM0271,30.0,36.29286816424079,32.517147265696316,MEDIUM,"{'after_hours': 0.0, 'weekend': 0.0, 'file_anomaly': 0.0, 'usb': 0.0, 'email': 15, 'web': 0.0, 'deviation': 15}"
TJD0996,34.11764705882353,30.08783627377768,32.50572274480519,MEDIUM,"{'after_hours': 4.117647058823529, 'weekend': 0.0, 'file_anomaly': 0.0, 'usb': 0.0, 'email': 15, 'web': 0.0, 'deviation': 15}"
PSF0133,30.0,36.22704796186473,32.49081918474589,MEDIUM,"{'after_hours': 0.0, 'weekend': 0.0, 'file_anomaly': 0.0, 'usb': 0.0, 'email': 15, 'web': 0.0, 'deviation': 15}"
HMM0108,30.0,36.199165960877515,32.479666384351006,MEDIUM,"{'after_hours': 0.0, 'weekend': 0.0, 'file_anomaly': 0.0, 'usb': 0.0, 'email': 15, 'web': 0.0, 'deviation': 15}"
WBC0192,30.0,36.15240107873065,32.46096043149226,MEDIUM,"{'after_hours': 0.0, 'weekend': 0.0, 'file_anomaly': 0.0, 'usb': 0.0, 'email': 15, 'web': 0.0, 'deviation': 15}"
HLH0512,30.0,36.12511412358344,32.45004564943338,MEDIUM,"{'after_hours': 0.0, 'weekend': 0.0, 'file_anomaly': 0.0, 'usb': 0.0, 'email': 15, 'web': 0.0, 'deviation': 15}"
CIM0926,34.092071611253196,29.985023700646636,32.44925244701057,MEDIUM,"{'after_hours': 4.092071611253197, 'weekend': 0.0, 'file_anomaly': 0.0, 'usb': 0.0, 'email': 15, 'web': 0.0, 'deviation': 15}"
CAM0681,30.995522296509847,34.59455487055762,32.43513532612896,MEDIUM,"{'after_hours': 0.9955222965098448, 'weekend': 0.0, 'file_anomaly': 0.0, 'usb': 0.0, 'email': 15, 'web': 0.0, 'deviation': 15}"
ECF0828,34.11764705882353,29.901268655466524,32.43109569748073,MEDIUM,"{'after_hours': 4.117647058823529, 'weekend': 0.0, 'file_anomaly': 0.0, 'usb': 0.0, 'email': 15, 'web': 0.0, 'deviation': 15}"
WDO0870,30.155788342734354,35.79776514776574,32.41257906474691,MEDIUM,"{'after_hours': 0.15578834273435416, 'weekend': 0.0, 'file_anomaly': 0.0, 'usb': 0.0, 'email': 15, 'web': 0.0, 'deviation': 15}"
BMT0528,30.0,36.02651568407347,32.41060627362939,MEDIUM,"{'after_hours': 0.0, 'weekend': 0.0, 'file_anomaly': 0.0, 'usb': 0.0, 'email': 15, 'web': 0.0, 'deviation': 15}"
AJH0175,30.0,35.967910629605065,32.38716425184202,MEDIUM,"{'after_hours': 0.0, 'weekend': 0.0, 'file_anomaly': 0.0, 'usb': 0.0, 'email': 15, 'web': 0.0, 'deviation': 15}"
HWW0436,30.0,35.93569625537958,32.37427850215183,MEDIUM,"{'after_hours': 0.0, 'weekend': 0.0, 'file_anomaly': 0.0, 'usb': 0.0, 'email': 15, 'web': 0.0, 'deviation': 15}"
HTH0007,30.218522372528618,35.56244955537403,32.356093245666784,MEDIUM,"{'after_hours': 0.2185223725286162, 'weekend': 0.0, 'file_anomaly': 0.0, 'usb': 0.0, 'email': 15, 'web': 0.0, 'deviation': 15}"
NWT0098,30.0,35.807219052642324,32.32288762105693,MEDIUM,"{'after_hours': 0.0, 'weekend': 0.0, 'file_anomaly': 0.0, 'usb': 0.0, 'email': 15, 'web': 0.0, 'deviation': 15}"
TNM0961,30.0,35.80441278630997,32.321765114523984,MEDIUM,"{'after_hours': 0.0, 'weekend': 0.0, 'file_anomaly': 0.0, 'usb': 0.0, 'email': 15, 'web': 0.0, 'deviation': 15}"
UAD0771,30.0,35.777243403460055,32.31089736138402,MEDIUM,"{'after_hours': 0.0, 'weekend': 0.0, 'file_anomaly': 0.0, 'usb': 0.0, 'email': 15, 'web': 0.0, 'deviation': 15}"
KWE0082,30.0,35.77319701958652,32.30927880783461,MEDIUM,"{'after_hours': 0.0, 'weekend': 0.0, 'file_anomaly': 0.0, 'usb': 0.0, 'email': 15, 'web': 0.0, 'deviation': 15}"
BWH0813,34.11764705882353,29.54521660091111,32.28867487565856,MEDIUM,"{'after_hours': 4.117647058823529, 'weekend': 0.0, 'file_anomaly': 0.0, 'usb': 0.0, 'email': 15, 'web': 0.0, 'deviation': 15}"
CRK0916,32.801935217416954,31.513945934440045,32.28673950422619,MEDIUM,"{'after_hours': 2.8019352174169567, 'weekend': 0.0, 'file_anomaly': 0.0, 'usb': 0.0, 'email': 15, 'web': 0.0, 'deviation': 15}"
ARB0834,34.11764705882353,29.45372532819125,32.252078366570615,MEDIUM,"{'after_hours': 4.117647058823529, 'weekend': 0.0, 'file_anomaly': 0.0, 'usb': 0.0, 'email': 15, 'web': 0.0, 'deviation': 15}"
SJO0209,30.161290322580644,35.30765173636945,32.219834888096166,MEDIUM,"{'after_hours': 0.0, 'weekend': 0.0, 'file_anomaly': 0.16129032258064502, 'usb': 0.0, 'email': 15, 'web': 0.0, 'deviation': 15}"
LIM0674,30.0,35.537949408285364,32.21517976331415,MEDIUM,"{'after_hours': 0.0, 'weekend': 0.0, 'file_anomaly': 0.0, 'usb': 0.0, 'email': 15, 'web': 0.0, 'deviation': 15}"
MBJ0312,30.0,35.53511063055152,32.21404425222061,MEDIUM,"{'after_hours': 0.0, 'weekend': 0.0, 'file_anomaly': 0.0, 'usb': 0.0, 'email': 15, 'web': 0.0, 'deviation': 15}"
HAH0760,30.0,35.53289734596661,32.21315893838664,MEDIUM,"{'after_hours': 0.0, 'weekend': 0.0, 'file_anomaly': 0.0, 'usb': 0.0, 'email': 15, 'web': 0.0, 'deviation': 15}"
AKC0924,34.11764705882353,29.340273347064937,32.20669757412009,MEDIUM,"{'after_hours': 4.117647058823529, 'weekend': 0.0, 'file_anomaly': 0.0, 'usb': 0.0, 'email': 15, 'web': 0.0, 'deviation': 15}"
TSM0927,34.11764705882353,29.33441580607737,32.20435455772507,MEDIUM,"{'after_hours': 4.117647058823529, 'weekend': 0.0, 'file_anomaly': 0.0, 'usb': 0.0, 'email': 15, 'web': 0.0, 'deviation': 15}"
RMW0542,30.0,35.45702021667079,32.18280808666832,MEDIUM,"{'after_hours': 0.0, 'weekend': 0.0, 'file_anomaly': 0.0, 'usb': 0.0, 'email': 15, 'web': 0.0, 'deviation': 15}"
TRK0914,34.126159870605264,29.217929602467358,32.1628677633501,MEDIUM,"{'after_hours': 4.126159870605261, 'weekend': 0.0, 'file_anomaly': 0.0, 'usb': 0.0, 'email': 15, 'web': 0.0, 'deviation': 15}"
DPM0423,30.0,35.40185223476829,32.16074089390732,MEDIUM,"{'after_hours': 0.0, 'weekend': 0.0, 'file_anomaly': 0.0, 'usb': 0.0, 'email': 15, 'web': 0.0, 'deviation': 15}"
EIP0997,34.11764705882353,29.1959788633225,32.148979780623115,MEDIUM,"{'after_hours': 4.117647058823529, 'weekend': 0.0, 'file_anomaly': 0.0, 'usb': 0.0, 'email': 15, 'web': 0.0, 'deviation': 15}"
JCR0921,34.11764705882353,29.15158589748484,32.131222594288054,MEDIUM,"{'after_hours': 4.117647058823529, 'weekend': 0.0, 'file_anomaly': 0.0, 'usb': 0.0, 'email': 15, 'web': 0.0, 'deviation': 15}"
HOB0994,34.11764705882353,29.10447274343327,32.11237733266742,MEDIUM,"{'after_hours': 4.117647058823529, 'weekend': 0.0, 'file_anomaly': 0.0, 'usb': 0.0, 'email': 15, 'web': 0.0, 'deviation': 15}"
NDM0417,30.0,35.245871595133046,32.09834863805322,MEDIUM,"{'after_hours': 0.0, 'weekend': 0.0, 'file_anomaly': 0.0, 'usb': 0.0, 'email': 15, 'web': 0.0, 'deviation': 15}"
GCS0571,30.0,35.19669239738384,32.07867695895354,MEDIUM,"{'after_hours': 0.0, 'weekend': 0.0, 'file_anomaly': 0.0, 'usb': 0.0, 'email': 15, 'web': 0.0, 'deviation': 15}"
MBW0809,30.035681836121032,35.11854547835576,32.06882729301492,MEDIUM,"{'after_hours': 4.117647058823529, 'weekend': 0.0, 'file_anomaly': 0.0, 'usb': 0.0, 'email': 15, 'web': 0.0, 'deviation': 10.918034777297503}"
PNL0301,30.0,35.14486098843487,32.05794439537395,MEDIUM,"{'after_hours': 0.0, 'weekend': 0.0, 'file_anomaly': 0.0, 'usb': 0.0, 'email': 15, 'web': 0.0, 'deviation': 15}"
LQC0479,30.0,35.133084838327406,32.053233935330965,MEDIUM,"{'after_hours': 0.0, 'weekend': 0.0, 'file_anomaly': 0.0, 'usb': 0.0, 'email': 15, 'web': 0.0, 'deviation': 15}"
MPT0376,30.0,35.12518366904771,32.050073467619086,MEDIUM,"{'after_hours': 0.0, 'weekend': 0.0, 'file_anomaly': 0.0, 'usb': 0.0, 'email': 15, 'web': 0.0, 'deviation': 15}"
SAC0687,34.11764705882353,28.948402502933195,32.0499492364674,MEDIUM,"{'after_hours': 4.117647058823529, 'weekend': 0.0, 'file_anomaly': 0.0, 'usb': 0.0, 'email': 15, 'web': 0.0, 'deviation': 15}"
SBH0537,30.0,35.08000761237882,32.03200304495153,MEDIUM,"{'after_hours': 0.0, 'weekend': 0.0, 'file_anomaly': 0.0, 'usb': 0.0, 'email': 15, 'web': 0.0, 'deviation': 15}"
RAR0725,30.0,35.034996831050044,32.01399873242002,MEDIUM,"{'after_hours': 0.0, 'weekend': 0.0, 'file_anomaly': 0.0, 'usb': 0.0, 'email': 15, 'web': 0.0, 'deviation': 15}"
SMY0792,30.0,34.99616443554955,31.998465774219824,MEDIUM,"{'after_hours': 0.0, 'weekend': 0.0, 'file_anomaly': 0.0, 'usb': 0.0, 'email': 15, 'web': 0.0, 'deviation': 15}"
IBB0696,27.913538120434254,38.09758085429609,31.987155213978987,MEDIUM,"{'after_hours': 0.0, 'weekend': 0.0, 'file_anomaly': 0.0, 'usb': 0.0, 'email': 15, 'web': 0.0, 'deviation': 12.913538120434252}"
HKF0831,34.11764705882353,28.757735385441947,31.973682389470895,MEDIUM,"{'after_hours': 4.117647058823529, 'weekend': 0.0, 'file_anomaly': 0.0, 'usb': 0.0, 'email': 15, 'web': 0.0, 'deviation': 15}"
ANM0123,26.721135709910428,39.814746930031696,31.958580197958934,MEDIUM,"{'after_hours': 1.8220946915351508, 'weekend': 0.0, 'file_anomaly': 0.0, 'usb': 0.0, 'email': 15, 'web': 0.0, 'deviation': 9.899041018375277}"
SMH0291,30.0,34.87922386578203,31.951689546312814,MEDIUM,"{'after_hours': 0.0, 'weekend': 0.0, 'file_anomaly': 0.0, 'usb': 0.0, 'email': 15, 'web': 0.0, 'deviation': 15}"
FIR0920,33.0456920809326,30.309531360552246,31.951227792780458,MEDIUM,"{'after_hours': 3.0456920809326005, 'weekend': 0.0, 'file_anomaly': 0.0, 'usb': 0.0, 'email': 15, 'web': 0.0, 'deviation': 15}"
DIW0118,30.0,34.80827096531981,31.92330838612792,MEDIUM,"{'after_hours': 0.0, 'weekend': 0.0, 'file_anomaly': 0.0, 'usb': 0.0, 'email': 15, 'web': 0.0, 'deviation': 15}"
AJD0074,30.0655769795439,34.6873365412549,31.914280804228298,MEDIUM,"{'after_hours': 0.0655769795438975, 'weekend': 0.0, 'file_anomaly': 0.0, 'usb': 0.0, 'email': 15, 'web': 0.0, 'deviation': 15}"
HTF0641,34.11764705882353,28.6068473603959,31.913327179452477,MEDIUM,"{'after_hours': 4.117647058823529, 'weekend': 0.0, 'file_anomaly': 0.0, 'usb': 0.0, 'email': 15, 'web': 0.0, 'deviation': 15}"
CLF0852,30.0,34.71403064766248,31.88561225906499,MEDIUM,"{'after_hours': 0.0, 'weekend': 0.0, 'file_anomaly': 0.0, 'usb': 0.0, 'email': 15, 'web': 0.0, 'deviation': 15}"
IYB0918,34.11764705882353,28.5181564092918,31.877850799010837,MEDIUM,"{'after_hours': 4.117647058823529, 'weekend': 0.0, 'file_anomaly': 0.0, 'usb': 0.0, 'email': 15, 'web': 0.0, 'deviation': 15}"
AQD0820,34.11764705882353,28.504017888761346,31.872195390798655,MEDIUM,"{'after_hours': 4.117647058823529, 'weekend': 0.0, 'file_anomaly': 0.0, 'usb': 0.0, 'email': 15, 'web': 0.0, 'deviation': 15}"
BBG0325,30.0,34.680243306040566,31.872097322416227,MEDIUM,"{'after_hours': 0.0, 'weekend': 0.0, 'file_anomaly': 0.0, 'usb': 0.0, 'email': 15, 'web': 0.0, 'deviation': 15}"
WDV0573,30.0,34.67270642406608,31.869082569626432,MEDIUM,"{'after_hours': 0.0, 'weekend': 0.0, 'file_anomaly': 0.0, 'usb': 0.0, 'email': 15, 'web': 0.0, 'deviation': 15}"
FRR0832,34.11764705882353,28.480929802418085,31.86296015626135,MEDIUM,"{'after_hours': 4.117647058823529, 'weekend': 0.0, 'file_anomaly': 0.0, 'usb': 0.0, 'email': 15, 'web': 0.0, 'deviation': 15}"
NKH0807,34.11764705882353,28.435554301820392,31.844809956022274,MEDIUM,"{'after_hours': 4.117647058823529, 'weekend': 0.0, 'file_anomaly': 0.0, 'usb': 0.0, 'email': 15, 'web': 0.0, 'deviation': 15}"
YWW0660,34.11764705882353,28.398461979357826,31.829973027037248,MEDIUM,"{'after_hours': 4.117647058823529, 'weekend': 0.0, 'file_anomaly': 0.0, 'usb': 0.0, 'email': 15, 'web': 0.0, 'deviation': 15}"
XAA0104,31.132723112128147,32.852887616102485,31.820788913717884,MEDIUM,"{'after_hours': 0.0, 'weekend': 0.0, 'file_anomaly': 1.1327231121281467, 'usb': 0.0, 'email': 15, 'web': 0.0, 'deviation': 15}"
JMK0099,30.0,34.51606604310623,31.80642641724249,MEDIUM,"{'after_hours': 0.0, 'weekend': 0.0, 'file_anomaly': 0.0, 'usb': 0.0, 'email': 15, 'web': 0.0, 'deviation': 15}"
ALC0788,34.11764705882353,28.312442211297583,31.795565119813148,MEDIUM,"{'after_hours': 4.117647058823529, 'weekend': 0.0, 'file_anomaly': 0.0, 'usb': 0.0, 'email': 15, 'web': 0.0, 'deviation': 15}"
ADD0846,34.11764705882353,28.29427834029395,31.7882995714117,MEDIUM,"{'after_hours': 4.117647058823529, 'weekend': 0.0, 'file_anomaly': 0.0, 'usb': 0.0, 'email': 15, 'web': 0.0, 'deviation': 15}"
RAB0589,30.0,34.46076390544789,31.784305562179156,MEDIUM,"{'after_hours': 0.0, 'weekend': 0.0, 'file_anomaly': 0.0, 'usb': 0.0, 'email': 15, 'web': 0.0, 'deviation': 15}"
CEJ0109,30.0,34.45851269716371,31.783405078865485,MEDIUM,"{'after_hours': 0.0, 'weekend': 0.0, 'file_anomaly': 0.0, 'usb': 0.0, 'email': 15, 'web': 0.0, 'deviation': 15}"
BTL0226,31.05373215746886,32.86840267568786,31.77960036475646,MEDIUM,"{'after_hours': 1.053732157468861, 'weekend': 0.0, 'file_anomaly': 0.0, 'usb': 0.0, 'email': 15, 'web': 0.0, 'deviation': 15}"
BJH0811,34.11764705882353,28.239685472583847,31.766462424327656,MEDIUM,"{'after_hours': 4.117647058823529, 'weekend': 0.0, 'file_anomaly': 0.0, 'usb': 0.0, 'email': 15, 'web': 0.0, 'deviation': 15}"
HAV0121,34.11764705882353,28.196924929875994,31.749358207244512,MEDIUM,"{'after_hours': 4.117647058823529, 'weekend': 0.0, 'file_anomaly': 0.0, 'usb': 0.0, 'email': 15, 'web': 0.0, 'deviation': 15}"
OSH0655,34.11764705882353,28.19290611416747,31.747750680961104,MEDIUM,"{'after_hours': 4.117647058823529, 'weekend': 0.0, 'file_anomaly': 0.0, 'usb': 0.0, 'email': 15, 'web': 0.0, 'deviation': 15}"
CAA0612,30.0,34.351939684989915,31.740775873995965,MEDIUM,"{'after_hours': 0.0, 'weekend': 0.0, 'file_anomaly': 0.0, 'usb': 0.0, 'email': 15, 'web': 0.0, 'deviation': 15}"
CSH0626,30.0,34.32013455889277,31.728053823557108,MEDIUM,"{'after_hours': 0.0, 'weekend': 0.0, 'file_anomaly': 0.0, 'usb': 0.0, 'email': 15, 'web': 0.0, 'deviation': 15}"
DGW0752,30.0,34.315179512918384,31.726071805167354,MEDIUM,"{'after_hours': 0.0, 'weekend': 0.0, 'file_anomaly': 0.0, 'usb': 0.0, 'email': 15, 'web': 0.0, 'deviation': 15}"
CAH0936,30.0,34.291007509498506,31.716403003799403,MEDIUM,"{'after_hours': 0.0, 'weekend': 0.0, 'file_anomaly': 0.0, 'usb': 0.0, 'email': 15, 'web': 0.0, 'deviation': 15}"
VLB0647,34.11764705882353,28.074954996871366,31.700570234042665,MEDIUM,"{'after_hours': 4.117647058823529, 'weekend': 0.0, 'file_anomaly': 0.0, 'usb': 0.0, 'email': 15, 'web': 0.0, 'deviation': 15}"
GTD0116,34.11764705882353,28.069886693324243,31.698542912623815,MEDIUM,"{'after_hours': 4.117647058823529, 'weekend': 0.0, 'file_anomaly': 0.0, 'usb': 0.0, 'email': 15, 'web': 0.0, 'deviation': 15}"
DKB0631,34.11764705882353,28.035805071205843,31.68491026377645,MEDIUM,"{'after_hours': 4.117647058823529, 'weekend': 0.0, 'file_anomaly': 0.0, 'usb': 0.0, 'email': 15, 'web': 0.0, 'deviation': 15}"
MNR0829,34.11764705882353,28.025953603870295,31.680969676842235,MEDIUM,"{'after_hours': 4.117647058823529, 'weekend': 0.0, 'file_anomaly': 0.0, 'usb': 0.0, 'email': 15, 'web': 0.0, 'deviation': 15}"
TLH0648,34.11764705882353,28.004686892409687,31.67246299225799,MEDIUM,"{'after_hours': 4.117647058823529, 'weekend': 0.0, 'file_anomaly': 0.0, 'usb': 0.0, 'email': 15, 'web': 0.0, 'deviation': 15}"
AAN0823,34.11764705882353,27.995689709935895,31.668864119268477,MEDIUM,"{'after_hours': 4.117647058823529, 'weekend': 0.0, 'file_anomaly': 0.0, 'usb': 0.0, 'email': 15, 'web': 0.0, 'deviation': 15}"
ILC0838,34.11764705882353,27.99266597234722,31.667654624233002,MEDIUM,"{'after_hours': 4.117647058823529, 'weekend': 0.0, 'file_anomaly': 0.0, 'usb': 0.0, 'email': 15, 'web': 0.0, 'deviation': 15}"
JKB0126,34.126159870605264,27.978735452170277,31.66719010323127,MEDIUM,"{'after_hours': 4.126159870605261, 'weekend': 0.0, 'file_anomaly': 0.0, 'usb': 0.0, 'email': 15, 'web': 0.0, 'deviation': 15}"
ZSB0649,34.11764705882353,27.98882848135749,31.666119627837112,MEDIUM,"{'after_hours': 4.117647058823529, 'weekend': 0.0, 'file_anomaly': 0.0, 'usb': 0.0, 'email': 15, 'web': 0.0, 'deviation': 15}"
SAB0781,30.0,34.158762410759365,31.663504964303748,MEDIUM,"{'after_hours': 0.0, 'weekend': 0.0, 'file_anomaly': 0.0, 'usb': 0.0, 'email': 15, 'web': 0.0, 'deviation': 15}"
IJR0825,34.11764705882353,27.94761146719044,31.649632822170293,MEDIUM,"{'after_hours': 4.117647058823529, 'weekend': 0.0, 'file_anomaly': 0.0, 'usb': 0.0, 'email': 15, 'web': 0.0, 'deviation': 15}"
SLB0049,30.0,34.11586299406224,31.646345197624896,MEDIUM,"{'after_hours': 0.0, 'weekend': 0.0, 'file_anomaly': 0.0, 'usb': 0.0, 'email': 15, 'web': 0.0, 'deviation': 15}"
KNW0644,34.11764705882353,27.922908101757454,31.639751475997098,MEDIUM,"{'after_hours': 4.117647058823529, 'weekend': 0.0, 'file_anomaly': 0.0, 'usb': 0.0, 'email': 15, 'web': 0.0, 'deviation': 15}"
FHS0837,34.11764705882353,27.885955126222427,31.624970285783085,MEDIUM,"{'after_hours': 4.117647058823529, 'weekend': 0.0, 'file_anomaly': 0.0, 'usb': 0.0, 'email': 15, 'web': 0.0, 'deviation': 15}"
PMC0328,30.0,34.05814327810302,31.623257311241208,MEDIUM,"{'after_hours': 0.0, 'weekend': 0.0, 'file_anomaly': 0.0, 'usb': 0.0, 'email': 15, 'web': 0.0, 'deviation': 15}"
AGB0643,34.11764705882353,27.878267120895522,31.621895083652326,MEDIUM,"{'after_hours': 4.117647058823529, 'weekend': 0.0, 'file_anomaly': 0.0, 'usb': 0.0, 'email': 15, 'web': 0.0, 'deviation': 15}"
BCM0653,34.11764705882353,27.877511564704342,31.621592861175856,MEDIUM,"{'after_hours': 4.117647058823529, 'weekend': 0.0, 'file_anomaly': 0.0, 'usb': 0.0, 'email': 15, 'web': 0.0, 'deviation': 15}"
JMW0638,34.11764705882353,27.87664320709303,31.621245518131328,MEDIUM,"{'after_hours': 4.117647058823529, 'weekend': 0.0, 'file_anomaly': 0.0, 'usb': 0.0, 'email': 15, 'web': 0.0, 'deviation': 15}"
AJC0840,34.11764705882353,27.87092507678911,31.618958266009763,MEDIUM,"{'after_hours': 4.117647058823529, 'weekend': 0.0, 'file_anomaly': 0.0, 'usb': 0.0, 'email': 15, 'web': 0.0, 'deviation': 15}"
LJB0826,34.11764705882353,27.8597840236252,31.614501844744197,MEDIUM,"{'after_hours': 4.117647058823529, 'weekend': 0.0, 'file_anomaly': 0.0, 'usb': 0.0, 'email': 15, 'web': 0.0, 'deviation': 15}"
JRF0835,34.11764705882353,27.8597840236252,31.614501844744197,MEDIUM,"{'after_hours': 4.117647058823529, 'weekend': 0.0, 'file_anomaly': 0.0, 'usb': 0.0, 'email': 15, 'web': 0.0, 'deviation': 15}"
MSG0839,34.11764705882353,27.83342863340938,31.603959688657866,MEDIUM,"{'after_hours': 4.117647058823529, 'weekend': 0.0, 'file_anomaly': 0.0, 'usb': 0.0, 'email': 15, 'web': 0.0, 'deviation': 15}"
KCS0173,30.0,34.003642743621185,31.601457097448474,MEDIUM,"{'after_hours': 0.0, 'weekend': 0.0, 'file_anomaly': 0.0, 'usb': 0.0, 'email': 15, 'web': 0.0, 'deviation': 15}"
KAC0124,34.11764705882353,27.813885575811593,31.596142465618755,MEDIUM,"{'after_hours': 4.117647058823529, 'weekend': 0.0, 'file_anomaly': 0.0, 'usb': 0.0, 'email': 15, 'web': 0.0, 'deviation': 15}"
TLK0993,34.11764705882353,27.80073226036347,31.590881139439503,MEDIUM,"{'after_hours': 4.117647058823529, 'weekend': 0.0, 'file_anomaly': 0.0, 'usb': 0.0, 'email': 15, 'web': 0.0, 'deviation': 15}"
LNR0656,34.11764705882353,27.792536352303237,31.587602776215412,MEDIUM,"{'after_hours': 4.117647058823529, 'weekend': 0.0, 'file_anomaly': 0.0, 'usb': 0.0, 'email': 15, 'web': 0.0, 'deviation': 15}"
ALB0892,30.0,33.967897526236136,31.587159010494453,MEDIUM,"{'after_hours': 0.0, 'weekend': 0.0, 'file_anomaly': 0.0, 'usb': 0.0, 'email': 15, 'web': 0.0, 'deviation': 15}"
AES0827,34.11764705882353,27.759792348168546,31.574505174561537,MEDIUM,"{'after_hours': 4.117647058823529, 'weekend': 0.0, 'file_anomaly': 0.0, 'usb': 0.0, 'email': 15, 'web': 0.0, 'deviation': 15}"
JJB0127,34.11764705882353,27.74347250450963,31.56797723709797,MEDIUM,"{'after_hours': 4.117647058823529, 'weekend': 0.0, 'file_anomaly': 0.0, 'usb': 0.0, 'email': 15, 'web': 0.0, 'deviation': 15}"
IHK0841,34.11764705882353,27.73530048011224,31.564708427339013,MEDIUM,"{'after_hours': 4.117647058823529, 'weekend': 0.0, 'file_anomaly': 0.0, 'usb': 0.0, 'email': 15, 'web': 0.0, 'deviation': 15}"
WGR0833,34.11764705882353,27.73434772774735,31.564327326393055,MEDIUM,"{'after_hours': 4.117647058823529, 'weekend': 0.0, 'file_anomaly': 0.0, 'usb': 0.0, 'email': 15, 'web': 0.0, 'deviation': 15}"
ECR0822,34.11764705882353,27.732993123822276,31.56378548482303,MEDIUM,"{'after_hours': 4.117647058823529, 'weekend': 0.0, 'file_anomaly': 0.0, 'usb': 0.0, 'email': 15, 'web': 0.0, 'deviation': 15}"
RRP0568,30.0,33.904330376302795,31.561732150521117,MEDIUM,"{'after_hours': 0.0, 'weekend': 0.0, 'file_anomaly': 0.0, 'usb': 0.0, 'email': 15, 'web': 0.0, 'deviation': 15}"
MGS0974,30.0,33.86559964128179,31.546239856512717,MEDIUM,"{'after_hours': 0.0, 'weekend': 0.0, 'file_anomaly': 0.0, 'usb': 0.0, 'email': 15, 'web': 0.0, 'deviation': 15}"
MAR0955,30.0,33.84842848919151,31.539371395676604,MEDIUM,"{'after_hours': 0.0, 'weekend': 0.0, 'file_anomaly': 0.0, 'usb': 0.0, 'email': 15, 'web': 0.0, 'deviation': 15}"
BAM0636,34.11764705882353,27.655690138543036,31.53286429071133,MEDIUM,"{'after_hours': 4.117647058823529, 'weekend': 0.0, 'file_anomaly': 0.0, 'usb': 0.0, 'email': 15, 'web': 0.0, 'deviation': 15}"
SOF0808,34.11764705882353,27.649178246195927,31.530259533772487,MEDIUM,"{'after_hours': 4.117647058823529, 'weekend': 0.0, 'file_anomaly': 0.0, 'usb': 0.0, 'email': 15, 'web': 0.0, 'deviation': 15}"
UBF0645,34.11764705882353,27.641378255063277,31.527139537319428,MEDIUM,"{'after_hours': 4.117647058823529, 'weekend': 0.0, 'file_anomaly': 0.0, 'usb': 0.0, 'email': 15, 'web': 0.0, 'deviation': 15}"
BBH0810,34.11764705882353,27.595988072668575,31.50898346436155,MEDIUM,"{'after_hours': 4.117647058823529, 'weekend': 0.0, 'file_anomaly': 0.0, 'usb': 0.0, 'email': 15, 'web': 0.0, 'deviation': 15}"
SPA0141,30.0,33.76885038290349,31.507540153161393,MEDIUM,"{'after_hours': 0.0, 'weekend': 0.0, 'file_anomaly': 0.0, 'usb': 0.0, 'email': 15, 'web': 0.0, 'deviation': 15}"
DBS0235,31.52249134948097,31.457149154440668,31.496354471464848,MEDIUM,"{'after_hours': 1.522491349480969, 'weekend': 0.0, 'file_anomaly': 0.0, 'usb': 0.0, 'email': 15, 'web': 0.0, 'deviation': 15}"
CAN0842,34.11764705882353,27.553792463022518,31.492105220503124,MEDIUM,"{'after_hours': 4.117647058823529, 'weekend': 0.0, 'file_anomaly': 0.0, 'usb': 0.0, 'email': 15, 'web': 0.0, 'deviation': 15}"
AMR0318,30.0,33.727682603129836,31.491073041251937,MEDIUM,"{'after_hours': 0.0, 'weekend': 0.0, 'file_anomaly': 0.0, 'usb': 0.0, 'email': 15, 'web': 0.0, 'deviation': 15}"
DID0650,34.11764705882353,27.540246098341132,31.48668667463057,MEDIUM,"{'after_hours': 4.117647058823529, 'weekend': 0.0, 'file_anomaly': 0.0, 'usb': 0.0, 'email': 15, 'web': 0.0, 'deviation': 15}"
ESA0642,34.11764705882353,27.515962981662888,31.476973427959273,MEDIUM,"{'after_hours': 4.117647058823529, 'weekend': 0.0, 'file_anomaly': 0.0, 'usb': 0.0, 'email': 15, 'web': 0.0, 'deviation': 15}"
GQF0659,34.11764705882353,27.504035643762563,31.47220249279914,MEDIUM,"{'after_hours': 4.117647058823529, 'weekend': 0.0, 'file_anomaly': 0.0, 'usb': 0.0, 'email': 15, 'web': 0.0, 'deviation': 15}"
KMS0657,34.11764705882353,27.486817156721383,31.465315097982668,MEDIUM,"{'after_hours': 4.117647058823529, 'weekend': 0.0, 'file_anomaly': 0.0, 'usb': 0.0, 'email': 15, 'web': 0.0, 'deviation': 15}"
TUC0632,34.11764705882353,27.46986516596191,31.45853430167888,MEDIUM,"{'after_hours': 4.117647058823529, 'weekend': 0.0, 'file_anomaly': 0.0, 'usb': 0.0, 'email': 15, 'web': 0.0, 'deviation': 15}"
CCM0136,30.0,33.645562051722486,31.458224820688997,MEDIUM,"{'after_hours': 0.0, 'weekend': 0.0, 'file_anomaly': 0.0, 'usb': 0.0, 'email': 15, 'web': 0.0, 'deviation': 15}"
JIG0128,34.11764705882353,27.462436453737944,31.455562816789296,MEDIUM,"{'after_hours': 4.117647058823529, 'weekend': 0.0, 'file_anomaly': 0.0, 'usb': 0.0, 'email': 15, 'web': 0.0, 'deviation': 15}"
VSA0230,30.458238544036398,32.93182373145889,31.447672619005395,MEDIUM,"{'after_hours': 0.4582385440363993, 'weekend': 0.0, 'file_anomaly': 0.0, 'usb': 0.0, 'email': 15, 'web': 0.0, 'deviation': 15}"
AHG0634,32.33396584440228,30.085203237464686,31.434460801627242,MEDIUM,"{'after_hours': 2.333965844402277, 'weekend': 0.0, 'file_anomaly': 0.0, 'usb': 0.0, 'email': 15, 'web': 0.0, 'deviation': 15}"
VSS0154,30.0,33.559923184535926,31.42396927381437,MEDIUM,"{'after_hours': 0.0, 'weekend': 0.0, 'file_anomaly': 0.0, 'usb': 0.0, 'email': 15, 'web': 0.0, 'deviation': 15}"
MAD0496,30.0,33.51061169252144,31.404244677008577,MEDIUM,"{'after_hours': 0.0, 'weekend': 0.0, 'file_anomaly': 0.0, 'usb': 0.0, 'email': 15, 'web': 0.0, 'deviation': 15}"
KLM0639,34.11764705882353,27.285105160833687,31.38463029962759,MEDIUM,"{'after_hours': 4.117647058823529, 'weekend': 0.0, 'file_anomaly': 0.0, 'usb': 0.0, 'email': 15, 'web': 0.0, 'deviation': 15}"
LAP0338,30.0,33.428409350063696,31.37136374002548,MEDIUM,"{'after_hours': 0.0, 'weekend': 0.0, 'file_anomaly': 0.0, 'usb': 0.0, 'email': 15, 'web': 0.0, 'deviation': 15}"
NKP0236,30.0,33.34249539592387,31.336998158369546,MEDIUM,"{'after_hours': 0.0, 'weekend': 0.0, 'file_anomaly': 0.0, 'usb': 0.0, 'email': 15, 'web': 0.0, 'deviation': 15}"
SVS0871,30.0,33.19077390484592,31.27630956193837,MEDIUM,"{'after_hours': 0.0, 'weekend': 0.0, 'file_anomaly': 0.0, 'usb': 0.0, 'email': 15, 'web': 0.0, 'deviation': 15}"
USH0199,30.845070422535212,31.88745578422571,31.262024567211412,MEDIUM,"{'after_hours': 0.0, 'weekend': 0.0, 'file_anomaly': 0.8450704225352124, 'usb': 0.0, 'email': 15, 'web': 0.0, 'deviation': 15}"
BAH0875,30.28462998102467,32.71794130433558,31.257954510349037,MEDIUM,"{'after_hours': 0.284629981024668, 'weekend': 0.0, 'file_anomaly': 0.0, 'usb': 0.0, 'email': 15, 'web': 0.0, 'deviation': 15}"
IUB0565,30.0,33.125936229148735,31.250374491659493,MEDIUM,"{'after_hours': 0.0, 'weekend': 0.0, 'file_anomaly': 0.0, 'usb': 0.0, 'email': 15, 'web': 0.0, 'deviation': 15}"
FGW0853,30.0,33.091124477202285,31.236449790880915,MEDIUM,"{'after_hours': 0.0, 'weekend': 0.0, 'file_anomaly': 0.0, 'usb': 0.0, 'email': 15, 'web': 0.0, 'deviation': 15}"
AJR0932,30.0,33.047435729717186,31.218974291886873,MEDIUM,"{'after_hours': 0.0, 'weekend': 0.0, 'file_anomaly': 0.0, 'usb': 0.0, 'email': 15, 'web': 0.0, 'deviation': 15}"
EZT0640,32.31411862990811,29.536914561445816,31.203237002523192,MEDIUM,"{'after_hours': 2.3141186299081036, 'weekend': 0.0, 'file_anomaly': 0.0, 'usb': 0.0, 'email': 15, 'web': 0.0, 'deviation': 15}"
JJM0203,30.0,32.99178330634955,31.19671332253982,MEDIUM,"{'after_hours': 0.0, 'weekend': 0.0, 'file_anomaly': 0.0, 'usb': 0.0, 'email': 15, 'web': 0.0, 'deviation': 15}"
LHB0606,30.0,32.868006398654934,31.147202559461974,MEDIUM,"{'after_hours': 0.0, 'weekend': 0.0, 'file_anomaly': 0.0, 'usb': 0.0, 'email': 15, 'web': 0.0, 'deviation': 15}"
CQH0701,30.0,32.80333704391077,31.12133481756431,MEDIUM,"{'after_hours': 0.0, 'weekend': 0.0, 'file_anomaly': 0.0, 'usb': 0.0, 'email': 15, 'web': 0.0, 'deviation': 15}"
WKD0013,30.0,32.737188621794196,31.09487544871768,MEDIUM,"{'after_hours': 0.0, 'weekend': 0.0, 'file_anomaly': 0.0, 'usb': 0.0, 'email': 15, 'web': 0.0, 'deviation': 15}"
DCC0160,30.0,32.734524222501854,31.093809689000743,MEDIUM,"{'after_hours': 0.0, 'weekend': 0.0, 'file_anomaly': 0.0, 'usb': 0.0, 'email': 15, 'web': 0.0, 'deviation': 15}"
CCL0068,30.0,32.70623126281819,31.082492505127277,MEDIUM,"{'after_hours': 0.0, 'weekend': 0.0, 'file_anomaly': 0.0, 'usb': 0.0, 'email': 15, 'web': 0.0, 'deviation': 15}"
PID0426,30.061301682535543,32.58257158111016,31.06980964196539,MEDIUM,"{'after_hours': 0.061301682535542024, 'weekend': 0.0, 'file_anomaly': 0.0, 'usb': 0.0, 'email': 15, 'web': 0.0, 'deviation': 15}"
IWM0816,32.44044725328148,28.94729833165151,31.04318768462949,MEDIUM,"{'after_hours': 2.440447253281478, 'weekend': 0.0, 'file_anomaly': 0.0, 'usb': 0.0, 'email': 15, 'web': 0.0, 'deviation': 15}"
NHE0919,32.48434237995825,28.869104903387733,31.038247389330042,MEDIUM,"{'after_hours': 2.4843423799582465, 'weekend': 0.0, 'file_anomaly': 0.0, 'usb': 0.0, 'email': 15, 'web': 0.0, 'deviation': 15}"
KLH0596,30.0,32.58495569520497,31.033982278081986,MEDIUM,"{'after_hours': 0.0, 'weekend': 0.0, 'file_anomaly': 0.0, 'usb': 0.0, 'email': 15, 'web': 0.0, 'deviation': 15}"
DRR0162,30.0,32.584656100763716,31.033862440305487,MEDIUM,"{'after_hours': 0.0, 'weekend': 0.0, 'file_anomaly': 0.0, 'usb': 0.0, 'email': 15, 'web': 0.0, 'deviation': 15}"
IJM0776,30.0,32.470149502291726,30.98805980091669,CRITICAL,"{'after_hours': 0.0, 'weekend': 0.0, 'file_anomaly': 0.0, 'usb': 0.0, 'email': 15, 'web': 0.0, 'deviation': 15}"
DPS0262,30.0,32.41085935182455,30.96434374072982,CRITICAL,"{'after_hours': 0.0, 'weekend': 0.0, 'file_anomaly': 0.0, 'usb': 0.0, 'email': 15, 'web': 0.0, 'deviation': 15}"
RAM0447,30.0,32.40700237096668,30.962800948386672,CRITICAL,"{'after_hours': 0.0, 'weekend': 0.0, 'file_anomaly': 0.0, 'usb': 0.0, 'email': 15, 'web': 0.0, 'deviation': 15}"
LAF0991,32.47991167269828,28.682401770439103,30.960907711794608,CRITICAL,"{'after_hours': 2.4799116726982766, 'weekend': 0.0, 'file_anomaly': 0.0, 'usb': 0.0, 'email': 15, 'web': 0.0, 'deviation': 15}"
GQP0743,30.0,32.30652766372317,30.92261106548927,CRITICAL,"{'after_hours': 0.0, 'weekend': 0.0, 'file_anomaly': 0.0, 'usb': 0.0, 'email': 15, 'web': 0.0, 'deviation': 15}"
KWC0004,30.0,32.28021360897751,30.912085443591003,CRITICAL,"{'after_hours': 0.0, 'weekend': 0.0, 'file_anomaly': 0.0, 'usb': 0.0, 'email': 15, 'web': 0.0, 'deviation': 15}"
TSR0676,30.0,32.278946803026564,30.911578721210624,CRITICAL,"{'after_hours': 0.0, 'weekend': 0.0, 'file_anomaly': 0.0, 'usb': 0.0, 'email': 15, 'web': 0.0, 'deviation': 15}"
CJF0802,30.0,32.275271288559054,30.910108515423623,CRITICAL,"{'after_hours': 0.0, 'weekend': 0.0, 'file_anomaly': 0.0, 'usb': 0.0, 'email': 15, 'web': 0.0, 'deviation': 15}"
LOM0086,30.0,32.221232008317315,30.888492803326926,CRITICAL,"{'after_hours': 0.0, 'weekend': 0.0, 'file_anomaly': 0.0, 'usb': 0.0, 'email': 15, 'web': 0.0, 'deviation': 15}"
MLD0755,30.0,32.210325767888904,30.884130307155562,CRITICAL,"{'after_hours': 0.0, 'weekend': 0.0, 'file_anomaly': 0.0, 'usb': 0.0, 'email': 15, 'web': 0.0, 'deviation': 15}"
EHD0584,30.0,32.20949287234052,30.88379714893621,CRITICAL,"{'after_hours': 0.0, 'weekend': 0.0, 'file_anomaly': 0.0, 'usb': 0.0, 'email': 15, 'web': 0.0, 'deviation': 15}"
DJB0159,30.0,32.1322303977509,30.852892159100364,CRITICAL,"{'after_hours': 0.0, 'weekend': 0.0, 'file_anomaly': 0.0, 'usb': 0.0, 'email': 15, 'web': 0.0, 'deviation': 15}"
ABM0845,32.321239873194784,28.63543619370742,30.84691840139984,CRITICAL,"{'after_hours': 2.3212398731947874, 'weekend': 0.0, 'file_anomaly': 0.0, 'usb': 0.0, 'email': 15, 'web': 0.0, 'deviation': 15}"
DAL0673,30.0,32.107754794434555,30.843101917773822,CRITICAL,"{'after_hours': 0.0, 'weekend': 0.0, 'file_anomaly': 0.0, 'usb': 0.0, 'email': 15, 'web': 0.0, 'deviation': 15}"
HWH0646,32.41025641025641,28.482930404613803,30.839326007999368,CRITICAL,"{'after_hours': 2.4102564102564106, 'weekend': 0.0, 'file_anomaly': 0.0, 'usb': 0.0, 'email': 15, 'web': 0.0, 'deviation': 15}"
RTO0313,30.0,32.089892551500526,30.835957020600212,CRITICAL,"{'after_hours': 0.0, 'weekend': 0.0, 'file_anomaly': 0.0, 'usb': 0.0, 'email': 15, 'web': 0.0, 'deviation': 15}"
XRS0633,32.48434237995825,28.281618457459995,30.803252810958945,CRITICAL,"{'after_hours': 2.4843423799582465, 'weekend': 0.0, 'file_anomaly': 0.0, 'usb': 0.0, 'email': 15, 'web': 0.0, 'deviation': 15}"
BMS0877,30.0,31.96196481818696,30.784785927274783,CRITICAL,"{'after_hours': 0.0, 'weekend': 0.0, 'file_anomaly': 0.0, 'usb': 0.0, 'email': 15, 'web': 0.0, 'deviation': 15}"
KBG0549,30.0,31.8994350719773,30.759774028790922,CRITICAL,"{'after_hours': 0.0, 'weekend': 0.0, 'file_anomaly': 0.0, 'usb': 0.0, 'email': 15, 'web': 0.0, 'deviation': 15}"
KCB0815,32.427455019082814,28.220792234156004,30.744789905112093,CRITICAL,"{'after_hours': 2.4274550190828132, 'weekend': 0.0, 'file_anomaly': 0.0, 'usb': 0.0, 'email': 15, 'web': 0.0, 'deviation': 15}"
HVB0037,30.0,31.84922190564266,30.739688762257067,CRITICAL,"{'after_hours': 0.0, 'weekend': 0.0, 'file_anomaly': 0.0, 'usb': 0.0, 'email': 15, 'web': 0.0, 'deviation': 15}"
HKI0171,30.0,31.823702378763226,30.72948095150529,CRITICAL,"{'after_hours': 0.0, 'weekend': 0.0, 'file_anomaly': 0.0, 'usb': 0.0, 'email': 15, 'web': 0.0, 'deviation': 15}"
KPR0497,30.0,31.816892749516924,30.72675709980677,CRITICAL,"{'after_hours': 0.0, 'weekend': 0.0, 'file_anomaly': 0.0, 'usb': 0.0, 'email': 15, 'web': 0.0, 'deviation': 15}"
PEV0323,30.0,31.78679247273845,30.71471698909538,CRITICAL,"{'after_hours': 0.0, 'weekend': 0.0, 'file_anomaly': 0.0, 'usb': 0.0, 'email': 15, 'web': 0.0, 'deviation': 15}"
BDV0168,30.0,31.783747426664522,30.71349897066581,CRITICAL,"{'after_hours': 0.0, 'weekend': 0.0, 'file_anomaly': 0.0, 'usb': 0.0, 'email': 15, 'web': 0.0, 'deviation': 15}"
SBK0161,30.0,31.742686923894137,30.697074769557656,CRITICAL,"{'after_hours': 0.0, 'weekend': 0.0, 'file_anomaly': 0.0, 'usb': 0.0, 'email': 15, 'web': 0.0, 'deviation': 15}"
EMW0772,30.0,31.73757507680765,30.69503003072306,CRITICAL,"{'after_hours': 0.0, 'weekend': 0.0, 'file_anomaly': 0.0, 'usb': 0.0, 'email': 15, 'web': 0.0, 'deviation': 15}"
TDJ0998,32.44044725328148,28.033413815159175,30.67763387803256,CRITICAL,"{'after_hours': 2.440447253281478, 'weekend': 0.0, 'file_anomaly': 0.0, 'usb': 0.0, 'email': 15, 'web': 0.0, 'deviation': 15}"
DIB0285,30.0,31.686543293573123,30.674617317429252,CRITICAL,"{'after_hours': 0.0, 'weekend': 0.0, 'file_anomaly': 0.0, 'usb': 0.0, 'email': 15, 'web': 0.0, 'deviation': 15}"
PDW0259,30.0,31.64919127809395,30.65967651123758,CRITICAL,"{'after_hours': 0.0, 'weekend': 0.0, 'file_anomaly': 0.0, 'usb': 0.0, 'email': 15, 'web': 0.0, 'deviation': 15}"
CJM0521,30.0,31.628925555080013,30.651570222032007,CRITICAL,"{'after_hours': 0.0, 'weekend': 0.0, 'file_anomaly': 0.0, 'usb': 0.0, 'email': 15, 'web': 0.0, 'deviation': 15}"
IBM0671,30.0,31.611276327623848,30.64451053104954,CRITICAL,"{'after_hours': 0.0, 'weekend': 0.0, 'file_anomaly': 0.0, 'usb': 0.0, 'email': 15, 'web': 0.0, 'deviation': 15}"
HJB0742,30.0,31.60490044139932,30.641960176559728,CRITICAL,"{'after_hours': 0.0, 'weekend': 0.0, 'file_anomaly': 0.0, 'usb': 0.0, 'email': 15, 'web': 0.0, 'deviation': 15}"
HIW0536,30.0,31.59065039110142,30.63626015644057,CRITICAL,"{'after_hours': 0.0, 'weekend': 0.0, 'file_anomaly': 0.0, 'usb': 0.0, 'email': 15, 'web': 0.0, 'deviation': 15}"
RKD0604,30.0,31.59063718882406,30.636254875529623,CRITICAL,"{'after_hours': 0.0, 'weekend': 0.0, 'file_anomaly': 0.0, 'usb': 0.0, 'email': 15, 'web': 0.0, 'deviation': 15}"
RVF0201,30.0,31.56714326973197,30.62685730789279,CRITICAL,"{'after_hours': 0.0, 'weekend': 0.0, 'file_anomaly': 0.0, 'usb': 0.0, 'email': 15, 'web': 0.0, 'deviation': 15}"
TET0621,30.0,31.21425526251741,30.485702105006965,CRITICAL,"{'after_hours': 0.0, 'weekend': 0.0, 'file_anomaly': 0.0, 'usb': 0.0, 'email': 15, 'web': 0.0, 'deviation': 15}"
FHO0630,30.0,31.172902447154115,30.469160978861645,CRITICAL,"{'after_hours': 0.0, 'weekend': 0.0, 'file_anomaly': 0.0, 'usb': 0.0, 'email': 15, 'web': 0.0, 'deviation': 15}"
HSG0818,32.45352026821091,27.44943425204886,30.451885861746092,CRITICAL,"{'after_hours': 2.4535202682109114, 'weekend': 0.0, 'file_anomaly': 0.0, 'usb': 0.0, 'email': 15, 'web': 0.0, 'deviation': 15}"
BDB0453,30.0,31.062059913232737,30.424823965293093,CRITICAL,"{'after_hours': 0.0, 'weekend': 0.0, 'file_anomaly': 0.0, 'usb': 0.0, 'email': 15, 'web': 0.0, 'deviation': 15}"
JTS0389,30.0,31.034737063886357,30.413894825554543,CRITICAL,"{'after_hours': 0.0, 'weekend': 0.0, 'file_anomaly': 0.0, 'usb': 0.0, 'email': 15, 'web': 0.0, 'deviation': 15}"
JMB0308,30.0,31.004355752662477,30.401742301064992,CRITICAL,"{'after_hours': 0.0, 'weekend': 0.0, 'file_anomaly': 0.0, 'usb': 0.0, 'email': 15, 'web': 0.0, 'deviation': 15}"
FTM0406,30.0,31.000201184431464,30.400080473772586,CRITICAL,"{'after_hours': 0.0, 'weekend': 0.0, 'file_anomaly': 0.0, 'usb': 0.0, 'email': 15, 'web': 0.0, 'deviation': 15}"
KMW0545,30.0,30.942135791760645,30.37685431670426,CRITICAL,"{'after_hours': 0.0, 'weekend': 0.0, 'file_anomaly': 0.0, 'usb': 0.0, 'email': 15, 'web': 0.0, 'deviation': 15}"
MYD0978,30.0,30.920419113135196,30.36816764525408,CRITICAL,"{'after_hours': 0.0, 'weekend': 0.0, 'file_anomaly': 0.0, 'usb': 0.0, 'email': 15, 'web': 0.0, 'deviation': 15}"
GHL0460,30.0,30.918652077188035,30.367460830875217,CRITICAL,"{'after_hours': 0.0, 'weekend': 0.0, 'file_anomaly': 0.0, 'usb': 0.0, 'email': 15, 'web': 0.0, 'deviation': 15}"
LUR0896,30.0,30.90573760770599,30.362295043082398,CRITICAL,"{'after_hours': 0.0, 'weekend': 0.0, 'file_anomaly': 0.0, 'usb': 0.0, 'email': 15, 'web': 0.0, 'deviation': 15}"
AIP0394,31.185078909612624,28.928272855878078,30.282356488118808,CRITICAL,"{'after_hours': 1.1850789096126255, 'weekend': 0.0, 'file_anomaly': 0.0, 'usb': 0.0, 'email': 15, 'web': 0.0, 'deviation': 15}"
BTN0061,30.38661400956142,30.12564940154333,30.282228166354184,CRITICAL,"{'after_hours': 0.3866140095614218, 'weekend': 0.0, 'file_anomaly': 0.0, 'usb': 0.0, 'email': 15, 'web': 0.0, 'deviation': 15}"
KKC0683,31.6695001700102,28.189679215216927,30.277571788092892,CRITICAL,"{'after_hours': 1.6695001700102006, 'weekend': 0.0, 'file_anomaly': 0.0, 'usb': 0.0, 'email': 15, 'web': 0.0, 'deviation': 15}"
HKR0628,30.0,30.663624108053277,30.26544964322131,CRITICAL,"{'after_hours': 0.0, 'weekend': 0.0, 'file_anomaly': 0.0, 'usb': 0.0, 'email': 15, 'web': 0.0, 'deviation': 15}"
PMJ0564,30.0,30.65957669341056,30.263830677364226,CRITICAL,"{'after_hours': 0.0, 'weekend': 0.0, 'file_anomaly': 0.0, 'usb': 0.0, 'email': 15, 'web': 0.0, 'deviation': 15}"
AIS0405,32.094525671540296,27.49944735737036,30.25649434587232,CRITICAL,"{'after_hours': 2.0945256715402922, 'weekend': 0.0, 'file_anomaly': 0.0, 'usb': 0.0, 'email': 15, 'web': 0.0, 'deviation': 15}"
IBP0883,30.0,30.561379136447268,30.22455165457891,CRITICAL,"{'after_hours': 0.0, 'weekend': 0.0, 'file_anomaly': 0.0, 'usb': 0.0, 'email': 15, 'web': 0.0, 'deviation': 15}"
CTW0500,30.0,30.550495958772757,30.220198383509103,CRITICAL,"{'after_hours': 0.0, 'weekend': 0.0, 'file_anomaly': 0.0, 'usb': 0.0, 'email': 15, 'web': 0.0, 'deviation': 15}"
KKS0119,30.0,30.5235132124756,30.20940528499024,CRITICAL,"{'after_hours': 0.0, 'weekend': 0.0, 'file_anomaly': 0.0, 'usb': 0.0, 'email': 15, 'web': 0.0, 'deviation': 15}"
CRD0624,28.380749379316683,32.94925007870299,30.208149659071207,CRITICAL,"{'after_hours': 0.0, 'weekend': 0.0, 'file_anomaly': 0.0, 'usb': 0.0, 'email': 15, 'web': 0.0, 'deviation': 13.380749379316681}"
EWH0191,30.0,30.49674816646151,30.198699266584605,CRITICAL,"{'after_hours': 0.0, 'weekend': 0.0, 'file_anomaly': 0.0, 'usb': 0.0, 'email': 15, 'web': 0.0, 'deviation': 15}"
AJL0462,30.0,30.46875238269563,30.187500953078253,CRITICAL,"{'after_hours': 0.0, 'weekend': 0.0, 'file_anomaly': 0.0, 'usb': 0.0, 'email': 15, 'web': 0.0, 'deviation': 15}"
SRH0155,30.25431954960202,30.016730858241747,30.15928407305791,CRITICAL,"{'after_hours': 0.254319549602019, 'weekend': 0.0, 'file_anomaly': 0.0, 'usb': 0.0, 'email': 15, 'web': 0.0, 'deviation': 15}"
MHH0180,30.0,30.381488339336915,30.152595335734766,CRITICAL,"{'after_hours': 0.0, 'weekend': 0.0, 'file_anomaly': 0.0, 'usb': 0.0, 'email': 15, 'web': 0.0, 'deviation': 15}"
SRS0231,32.31553893233594,26.90116014018631,30.149787415476087,CRITICAL,"{'after_hours': 2.31553893233594, 'weekend': 0.0, 'file_anomaly': 0.0, 'usb': 0.0, 'email': 15, 'web': 0.0, 'deviation': 15}"
TAP0551,30.0,30.368763985359376,30.14750559414375,CRITICAL,"{'after_hours': 0.0, 'weekend': 0.0, 'file_anomaly': 0.0, 'usb': 0.0, 'email': 15, 'web': 0.0, 'deviation': 15}"
ASG0692,31.822509350561035,27.556178171406152,30.115976878899083,CRITICAL,"{'after_hours': 1.8225093505610337, 'weekend': 0.0, 'file_anomaly': 0.0, 'usb': 0.0, 'email': 15, 'web': 0.0, 'deviation': 15}"
MKP0861,30.0,30.17670208898011,30.070680835592043,CRITICAL,"{'after_hours': 0.0, 'weekend': 0.0, 'file_anomaly': 0.0, 'usb': 0.0, 'email': 15, 'web': 0.0, 'deviation': 15}"
CCW0031,30.0,29.99071374675309,29.996285498701237,LOW,"{'after_hours': 0.0, 'weekend': 0.0, 'file_anomaly': 0.0, 'usb': 0.0, 'email': 15, 'web': 0.0, 'deviation': 15}"
BLS0678,30.0,29.854502248687474,29.94180089947499,LOW,"{'after_hours': 0.0, 'weekend': 0.0, 'file_anomaly': 0.0, 'usb': 0.0, 'email': 15, 'web': 0.0, 'deviation': 15}"
JER0404,32.07752465147909,26.71306588897975,29.931741146479354,LOW,"{'after_hours': 2.0775246514790884, 'weekend': 0.0, 'file_anomaly': 0.0, 'usb': 0.0, 'email': 15, 'web': 0.0, 'deviation': 15}"
KDS0349,30.0,29.788383140236114,29.91535325609445,LOW,"{'after_hours': 0.0, 'weekend': 0.0, 'file_anomaly': 0.0, 'usb': 0.0, 'email': 15, 'web': 0.0, 'deviation': 15}"
SBQ0786,30.0,29.772180219671245,29.9088720878685,LOW,"{'after_hours': 0.0, 'weekend': 0.0, 'file_anomaly': 0.0, 'usb': 0.0, 'email': 15, 'web': 0.0, 'deviation': 15}"
GAF0060,31.363481808908535,27.694933492552003,29.896062482365924,LOW,"{'after_hours': 1.3634818089085343, 'weekend': 0.0, 'file_anomaly': 0.0, 'usb': 0.0, 'email': 15, 'web': 0.0, 'deviation': 15}"
WSR0241,30.0,29.67954093010381,29.871816372041522,LOW,"{'after_hours': 0.0, 'weekend': 0.0, 'file_anomaly': 0.0, 'usb': 0.0, 'email': 15, 'web': 0.0, 'deviation': 15}"
NNS0059,31.34648078884733,27.597198519097855,29.846767880947542,LOW,"{'after_hours': 1.3464807888473311, 'weekend': 0.0, 'file_anomaly': 0.0, 'usb': 0.0, 'email': 15, 'web': 0.0, 'deviation': 15}"
HDD0789,30.0,29.557465443271568,29.82298617730863,LOW,"{'after_hours': 0.0, 'weekend': 0.0, 'file_anomaly': 0.0, 'usb': 0.0, 'email': 15, 'web': 0.0, 'deviation': 15}"
UCS0227,31.414484869092146,27.426319496932948,29.819218720228466,LOW,"{'after_hours': 1.4144848690921457, 'weekend': 0.0, 'file_anomaly': 0.0, 'usb': 0.0, 'email': 15, 'web': 0.0, 'deviation': 15}"
EGD0409,30.0,29.53004270054551,29.812017080218205,LOW,"{'after_hours': 0.0, 'weekend': 0.0, 'file_anomaly': 0.0, 'usb': 0.0, 'email': 15, 'web': 0.0, 'deviation': 15}"
JAD0609,30.0,29.52776370018183,29.811105480072733,LOW,"{'after_hours': 0.0, 'weekend': 0.0, 'file_anomaly': 0.0, 'usb': 0.0, 'email': 15, 'web': 0.0, 'deviation': 15}"
DJS0682,31.39748384903094,27.385674798599585,29.7927602288584,LOW,"{'after_hours': 1.3974838490309422, 'weekend': 0.0, 'file_anomaly': 0.0, 'usb': 0.0, 'email': 15, 'web': 0.0, 'deviation': 15}"
IIL0513,30.0,29.467245085487466,29.786898034194987,LOW,"{'after_hours': 0.0, 'weekend': 0.0, 'file_anomaly': 0.0, 'usb': 0.0, 'email': 15, 'web': 0.0, 'deviation': 15}"
FQA0854,30.0,29.46541404349588,29.786165617398353,LOW,"{'after_hours': 0.0, 'weekend': 0.0, 'file_anomaly': 0.0, 'usb': 0.0, 'email': 15, 'web': 0.0, 'deviation': 15}"
ZDW0859,30.0,29.449721332047396,29.77988853281896,LOW,"{'after_hours': 0.0, 'weekend': 0.0, 'file_anomaly': 0.0, 'usb': 0.0, 'email': 15, 'web': 0.0, 'deviation': 15}"
DRR0242,30.0,29.431422958384818,29.77256918335393,LOW,"{'after_hours': 0.0, 'weekend': 0.0, 'file_anomaly': 0.0, 'usb': 0.0, 'email': 15, 'web': 0.0, 'deviation': 15}"
DZC0228,31.686501190071404,26.88819200812921,29.767177517294527,LOW,"{'after_hours': 1.6865011900714044, 'weekend': 0.0, 'file_anomaly': 0.0, 'usb': 0.0, 'email': 15, 'web': 0.0, 'deviation': 15}"
MTT0901,25.605668905329594,35.97652638322496,29.75401189648774,LOW,"{'after_hours': 0.0, 'weekend': 0.0, 'file_anomaly': 0.0, 'usb': 0.0, 'email': 15, 'web': 0.0, 'deviation': 10.605668905329594}"
SED0886,30.0,29.37766275639209,29.751065102556836,LOW,"{'after_hours': 0.0, 'weekend': 0.0, 'file_anomaly': 0.0, 'usb': 0.0, 'email': 15, 'web': 0.0, 'deviation': 15}"
FMG0527,30.0,29.2881903325413,29.715276133016523,LOW,"{'after_hours': 0.0, 'weekend': 0.0, 'file_anomaly': 0.0, 'usb': 0.0, 'email': 15, 'web': 0.0, 'deviation': 15}"
JKF0465,30.0,29.26971293559508,29.707885174238033,LOW,"{'after_hours': 0.0, 'weekend': 0.0, 'file_anomaly': 0.0, 'usb': 0.0, 'email': 15, 'web': 0.0, 'deviation': 15}"
RNL0695,30.833333333333336,27.996220449913086,29.698488179965235,LOW,"{'after_hours': 0.8333333333333333, 'weekend': 0.0, 'file_anomaly': 0.0, 'usb': 0.0, 'email': 15, 'web': 0.0, 'deviation': 15}"
ADF0397,31.38048282896974,27.146576523366186,29.686920306728318,LOW,"{'after_hours': 1.3804828289697382, 'weekend': 0.0, 'file_anomaly': 0.0, 'usb': 0.0, 'email': 15, 'web': 0.0, 'deviation': 15}"
AHC0142,30.0,29.16500694278441,29.666002777113764,LOW,"{'after_hours': 0.0, 'weekend': 0.0, 'file_anomaly': 0.0, 'usb': 0.0, 'email': 15, 'web': 0.0, 'deviation': 15}"
KPC0073,30.0,29.121855664868875,29.64874226594755,LOW,"{'after_hours': 0.0, 'weekend': 0.0, 'file_anomaly': 0.0, 'usb': 0.0, 'email': 15, 'web': 0.0, 'deviation': 15}"
SIJ0661,30.0,29.063521071828376,29.62540842873135,LOW,"{'after_hours': 0.0, 'weekend': 0.0, 'file_anomaly': 0.0, 'usb': 0.0, 'email': 15, 'web': 0.0, 'deviation': 15}"
HJS0072,23.979130285628845,38.074498561991064,29.617277596173732,LOW,"{'after_hours': 0.0, 'weekend': 0.0, 'file_anomaly': 0.0, 'usb': 0.0, 'email': 15, 'web': 0.0, 'deviation': 8.979130285628845}"
DMM0623,30.0,28.992712493087584,29.597084997235036,LOW,"{'after_hours': 0.0, 'weekend': 0.0, 'file_anomaly': 0.0, 'usb': 0.0, 'email': 15, 'web': 0.0, 'deviation': 15}"
RGG0064,30.0,28.95975290388673,29.583901161554692,LOW,"{'after_hours': 0.0, 'weekend': 0.0, 'file_anomaly': 0.0, 'usb': 0.0, 'email': 15, 'web': 0.0, 'deviation': 15}"
VMJ0147,30.0,28.958801323934264,29.583520529573704,LOW,"{'after_hours': 0.0, 'weekend': 0.0, 'file_anomaly': 0.0, 'usb': 0.0, 'email': 15, 'web': 0.0, 'deviation': 15}"
LJR0523,30.0,28.932073292288372,29.57282931691535,LOW,"{'after_hours': 0.0, 'weekend': 0.0, 'file_anomaly': 0.0, 'usb': 0.0, 'email': 15, 'web': 0.0, 'deviation': 15}"
CCC0393,31.48248894933696,26.706617915733577,29.572140535895606,LOW,"{'after_hours': 1.4824889493369606, 'weekend': 0.0, 'file_anomaly': 0.0, 'usb': 0.0, 'email': 15, 'web': 0.0, 'deviation': 15}"
CBG0398,31.499489969398162,26.670936815711478,29.568068707923487,LOW,"{'after_hours': 1.4994899693981636, 'weekend': 0.0, 'file_anomaly': 0.0, 'usb': 0.0, 'email': 15, 'web': 0.0, 'deviation': 15}"
KAL0395,31.61849710982659,26.366978710114346,29.517889749941695,LOW,"{'after_hours': 1.61849710982659, 'weekend': 0.0, 'file_anomaly': 0.0, 'usb': 0.0, 'email': 15, 'web': 0.0, 'deviation': 15}"
VCY0751,30.0,28.794268058591875,29.51770722343675,LOW,"{'after_hours': 0.0, 'weekend': 0.0, 'file_anomaly': 0.0, 'usb': 0.0, 'email': 15, 'web': 0.0, 'deviation': 15}"
WRM0963,30.0,28.789238719948163,29.515695487979265,LOW,"{'after_hours': 0.0, 'weekend': 0.0, 'file_anomaly': 0.0, 'usb': 0.0, 'email': 15, 'web': 0.0, 'deviation': 15}"
SES0477,30.0,28.7796527976358,29.511861119054323,LOW,"{'after_hours': 0.0, 'weekend': 0.0, 'file_anomaly': 0.0, 'usb': 0.0, 'email': 15, 'web': 0.0, 'deviation': 15}"
AAS0442,29.216371257778388,29.93204947870904,29.502642546150646,LOW,"{'after_hours': 0.0, 'weekend': 0.0, 'file_anomaly': 0.0, 'usb': 0.0, 'email': 15, 'web': 0.0, 'deviation': 14.216371257778388}"
KAT0489,30.0,28.737263217555647,29.49490528702226,LOW,"{'after_hours': 0.0, 'weekend': 0.0, 'file_anomaly': 0.0, 'usb': 0.0, 'email': 15, 'web': 0.0, 'deviation': 15}"
OLB0749,30.0,28.72185741941023,29.488742967764093,LOW,"{'after_hours': 0.0, 'weekend': 0.0, 'file_anomaly': 0.0, 'usb': 0.0, 'email': 15, 'web': 0.0, 'deviation': 15}"
JRH0455,30.0,28.696241064021844,29.47849642560874,LOW,"{'after_hours': 0.0, 'weekend': 0.0, 'file_anomaly': 0.0, 'usb': 0.0, 'email': 15, 'web': 0.0, 'deviation': 15}"
FSB0399,31.483757682177348,26.449136047595996,29.469909028344805,LOW,"{'after_hours': 1.4837576821773488, 'weekend': 0.0, 'file_anomaly': 0.0, 'usb': 0.0, 'email': 15, 'web': 0.0, 'deviation': 15}"
KBS0874,30.0,28.66110067879783,29.46444027151913,LOW,"{'after_hours': 0.0, 'weekend': 0.0, 'file_anomaly': 0.0, 'usb': 0.0, 'email': 15, 'web': 0.0, 'deviation': 15}"
RVC0232,31.567494049642978,26.304060082970604,29.462120462974028,LOW,"{'after_hours': 1.567494049642979, 'weekend': 0.0, 'file_anomaly': 0.0, 'usb': 0.0, 'email': 15, 'web': 0.0, 'deviation': 15}"
SAP0867,30.0,28.650808968353935,29.460323587341577,LOW,"{'after_hours': 0.0, 'weekend': 0.0, 'file_anomaly': 0.0, 'usb': 0.0, 'email': 15, 'web': 0.0, 'deviation': 15}"
ADC0391,30.775401069518715,27.46113716940335,29.44969550947257,LOW,"{'after_hours': 0.7754010695187166, 'weekend': 0.0, 'file_anomaly': 0.0, 'usb': 0.0, 'email': 15, 'web': 0.0, 'deviation': 15}"
JRG0207,30.0,28.6183411225978,29.44733644903912,LOW,"{'after_hours': 0.0, 'weekend': 0.0, 'file_anomaly': 0.0, 'usb': 0.0, 'email': 15, 'web': 0.0, 'deviation': 15}"
OJK0233,31.414484869092146,26.494387880391145,29.446446073611746,LOW,"{'after_hours': 1.4144848690921457, 'weekend': 0.0, 'file_anomaly': 0.0, 'usb': 0.0, 'email': 15, 'web': 0.0, 'deviation': 15}"
CFW0264,30.0,28.612240480827634,29.444896192331054,LOW,"{'after_hours': 0.0, 'weekend': 0.0, 'file_anomaly': 0.0, 'usb': 0.0, 'email': 15, 'web': 0.0, 'deviation': 15}"
NGO0690,30.811861934856587,27.295269169604857,29.405224828755895,LOW,"{'after_hours': 0.8118619348565872, 'weekend': 0.0, 'file_anomaly': 0.0, 'usb': 0.0, 'email': 15, 'web': 0.0, 'deviation': 15}"
IMB0481,30.0,28.511593911127648,29.404637564451058,LOW,"{'after_hours': 0.0, 'weekend': 0.0, 'file_anomaly': 0.0, 'usb': 0.0, 'email': 15, 'web': 0.0, 'deviation': 15}"
ENC0234,30.325780117494467,28.017955246386183,29.402650169051157,LOW,"{'after_hours': 0.3257801174944688, 'weekend': 0.0, 'file_anomaly': 0.0, 'usb': 0.0, 'email': 15, 'web': 0.0, 'deviation': 15}"
TDG0962,30.0,28.506014796995395,29.40240591879816,LOW,"{'after_hours': 0.0, 'weekend': 0.0, 'file_anomaly': 0.0, 'usb': 0.0, 'email': 15, 'web': 0.0, 'deviation': 15}"
CSP0197,30.0,28.504166378190227,29.401666551276094,LOW,"{'after_hours': 0.0, 'weekend': 0.0, 'file_anomaly': 0.0, 'usb': 0.0, 'email': 15, 'web': 0.0, 'deviation': 15}"
CJP0952,30.0,28.498913952644667,29.399565581057868,LOW,"{'after_hours': 0.0, 'weekend': 0.0, 'file_anomaly': 0.0, 'usb': 0.0, 'email': 15, 'web': 0.0, 'deviation': 15}"
MSZ0310,30.0,28.428159763372975,29.37126390534919,LOW,"{'after_hours': 0.0, 'weekend': 0.0, 'file_anomaly': 0.0, 'usb': 0.0, 'email': 15, 'web': 0.0, 'deviation': 15}"
BVN0514,30.0,28.39055291551416,29.356221166205664,LOW,"{'after_hours': 0.0, 'weekend': 0.0, 'file_anomaly': 0.0, 'usb': 0.0, 'email': 15, 'web': 0.0, 'deviation': 15}"
ZJE0857,30.0,28.298131798260933,29.319252719304373,LOW,"{'after_hours': 0.0, 'weekend': 0.0, 'file_anomaly': 0.0, 'usb': 0.0, 'email': 15, 'web': 0.0, 'deviation': 15}"
AMR0400,31.278476708602515,26.37626307427029,29.317591254869626,LOW,"{'after_hours': 1.2784767086025164, 'weekend': 0.0, 'file_anomaly': 0.0, 'usb': 0.0, 'email': 15, 'web': 0.0, 'deviation': 15}"
ECL0930,30.0,28.282556358308202,29.31302254332328,LOW,"{'after_hours': 0.0, 'weekend': 0.0, 'file_anomaly': 0.0, 'usb': 0.0, 'email': 15, 'web': 0.0, 'deviation': 15}"
XBN0229,31.550493029581776,25.89238183937755,29.287248553500085,LOW,"{'after_hours': 1.5504930295817752, 'weekend': 0.0, 'file_anomaly': 0.0, 'usb': 0.0, 'email': 15, 'web': 0.0, 'deviation': 15}"
TQS0212,30.0,28.213883162961658,29.285553265184664,LOW,"{'after_hours': 0.0, 'weekend': 0.0, 'file_anomaly': 0.0, 'usb': 0.0, 'email': 15, 'web': 0.0, 'deviation': 15}"
CAC0889,30.0,28.192799978202242,29.277119991280898,LOW,"{'after_hours': 0.0, 'weekend': 0.0, 'file_anomaly': 0.0, 'usb': 0.0, 'email': 15, 'web': 0.0, 'deviation': 15}"
FBA0348,30.0,28.175428190872786,29.270171276349117,LOW,"{'after_hours': 0.0, 'weekend': 0.0, 'file_anomaly': 0.0, 'usb': 0.0, 'email': 15, 'web': 0.0, 'deviation': 15}"
ALH0402,31.48248894933696,25.95160899158194,29.27013696623495,LOW,"{'after_hours': 1.4824889493369606, 'weekend': 0.0, 'file_anomaly': 0.0, 'usb': 0.0, 'email': 15, 'web': 0.0, 'deviation': 15}"
HCW0419,30.0,28.172474945456923,29.26898997818277,LOW,"{'after_hours': 0.0, 'weekend': 0.0, 'file_anomaly': 0.0, 'usb': 0.0, 'email': 15, 'web': 0.0, 'deviation': 15}"
PPF0435,30.0,28.16982247059869,29.267928988239476,LOW,"{'after_hours': 0.0, 'weekend': 0.0, 'file_anomaly': 0.0, 'usb': 0.0, 'email': 15, 'web': 0.0, 'deviation': 15}"
WKF0012,30.0,28.16965413917804,29.26786165567122,LOW,"{'after_hours': 0.0, 'weekend': 0.0, 'file_anomaly': 0.0, 'usb': 0.0, 'email': 15, 'web': 0.0, 'deviation': 15}"
KRM0541,30.0,28.122620991218188,29.249048396487275,LOW,"{'after_hours': 0.0, 'weekend': 0.0, 'file_anomaly': 0.0, 'usb': 0.0, 'email': 15, 'web': 0.0, 'deviation': 15}"
CCH0685,30.443367019101583,27.456208874820128,29.248503761389,LOW,"{'after_hours': 0.44336701910158316, 'weekend': 0.0, 'file_anomaly': 0.0, 'usb': 0.0, 'email': 15, 'web': 0.0, 'deviation': 15}"
BEC0505,30.0,28.015422731761568,29.206169092704627,LOW,"{'after_hours': 0.0, 'weekend': 0.0, 'file_anomaly': 0.0, 'usb': 0.0, 'email': 15, 'web': 0.0, 'deviation': 15}"
EMS0317,30.0,28.003086551447932,29.20123462057917,LOW,"{'after_hours': 0.0, 'weekend': 0.0, 'file_anomaly': 0.0, 'usb': 0.0, 'email': 15, 'web': 0.0, 'deviation': 15}"
CHG0146,30.0,27.994743149979634,29.197897259991855,LOW,"{'after_hours': 0.0, 'weekend': 0.0, 'file_anomaly': 0.0, 'usb': 0.0, 'email': 15, 'web': 0.0, 'deviation': 15}"
NKH0979,30.0,27.94011032397945,29.17604412959178,LOW,"{'after_hours': 0.0, 'weekend': 0.0, 'file_anomaly': 0.0, 'usb': 0.0, 'email': 15, 'web': 0.0, 'deviation': 15}"
CRO0027,30.0,27.919614556730828,29.167845822692332,LOW,"{'after_hours': 0.0, 'weekend': 0.0, 'file_anomaly': 0.0, 'usb': 0.0, 'email': 15, 'web': 0.0, 'deviation': 15}"
RLB0719,30.0,27.91566163609767,29.16626465443907,LOW,"{'after_hours': 0.0, 'weekend': 0.0, 'file_anomaly': 0.0, 'usb': 0.0, 'email': 15, 'web': 0.0, 'deviation': 15}"
SDO0170,30.0,27.889089212854696,29.15563568514188,LOW,"{'after_hours': 0.0, 'weekend': 0.0, 'file_anomaly': 0.0, 'usb': 0.0, 'email': 15, 'web': 0.0, 'deviation': 15}"
GAF0570,30.0,27.87541976594099,29.150167906376396,LOW,"{'after_hours': 0.0, 'weekend': 0.0, 'file_anomaly': 0.0, 'usb': 0.0, 'email': 15, 'web': 0.0, 'deviation': 15}"
AMM0014,30.0,27.84475315355096,29.137901261420385,LOW,"{'after_hours': 0.0, 'weekend': 0.0, 'file_anomaly': 0.0, 'usb': 0.0, 'email': 15, 'web': 0.0, 'deviation': 15}"
AOB0019,30.0,27.826959508106324,29.13078380324253,LOW,"{'after_hours': 0.0, 'weekend': 0.0, 'file_anomaly': 0.0, 'usb': 0.0, 'email': 15, 'web': 0.0, 'deviation': 15}"
MMG0943,30.0,27.824760572677228,29.129904229070892,LOW,"{'after_hours': 0.0, 'weekend': 0.0, 'file_anomaly': 0.0, 'usb': 0.0, 'email': 15, 'web': 0.0, 'deviation': 15}"
EIM0156,30.649438966337982,26.802420895655064,29.110631738064814,LOW,"{'after_hours': 0.6494389663379805, 'weekend': 0.0, 'file_anomaly': 0.0, 'usb': 0.0, 'email': 15, 'web': 0.0, 'deviation': 15}"
KRG0158,31.091465487929277,26.096772353000024,29.093588233957576,LOW,"{'after_hours': 1.0914654879292756, 'weekend': 0.0, 'file_anomaly': 0.0, 'usb': 0.0, 'email': 15, 'web': 0.0, 'deviation': 15}"
ASB0796,30.0,27.64536176542416,29.058144706169664,LOW,"{'after_hours': 0.0, 'weekend': 0.0, 'file_anomaly': 0.0, 'usb': 0.0, 'email': 15, 'web': 0.0, 'deviation': 15}"
SGB0140,30.0,27.6381473020272,29.05525892081088,LOW,"{'after_hours': 0.0, 'weekend': 0.0, 'file_anomaly': 0.0, 'usb': 0.0, 'email': 15, 'web': 0.0, 'deviation': 15}"
HJA0018,30.0,27.595055123626356,29.038022049450543,LOW,"{'after_hours': 0.0, 'weekend': 0.0, 'file_anomaly': 0.0, 'usb': 0.0, 'email': 15, 'web': 0.0, 'deviation': 15}"
GLR0975,30.0,27.57924489682473,29.031697958729893,LOW,"{'after_hours': 0.0, 'weekend': 0.0, 'file_anomaly': 0.0, 'usb': 0.0, 'email': 15, 'web': 0.0, 'deviation': 15}"
BJH0354,30.0,27.567429371800884,29.026971748720356,LOW,"{'after_hours': 0.0, 'weekend': 0.0, 'file_anomaly': 0.0, 'usb': 0.0, 'email': 15, 'web': 0.0, 'deviation': 15}"
RRA0938,30.0,27.56589645029895,29.02635858011958,LOW,"{'after_hours': 0.0, 'weekend': 0.0, 'file_anomaly': 0.0, 'usb': 0.0, 'email': 15, 'web': 0.0, 'deviation': 15}"
BTS0011,30.0,27.55470754657833,29.021883018631335,LOW,"{'after_hours': 0.0, 'weekend': 0.0, 'file_anomaly': 0.0, 'usb': 0.0, 'email': 15, 'web': 0.0, 'deviation': 15}"
OCB0805,30.0,27.52559392339195,29.010237569356782,LOW,"{'after_hours': 0.0, 'weekend': 0.0, 'file_anomaly': 0.0, 'usb': 0.0, 'email': 15, 'web': 0.0, 'deviation': 15}"
FAW0032,30.0,27.523183820799403,29.00927352831976,LOW,"{'after_hours': 0.0, 'weekend': 0.0, 'file_anomaly': 0.0, 'usb': 0.0, 'email': 15, 'web': 0.0, 'deviation': 15}"
CYA0506,30.0,27.447065172850056,28.978826069140023,LOW,"{'after_hours': 0.0, 'weekend': 0.0, 'file_anomaly': 0.0, 'usb': 0.0, 'email': 15, 'web': 0.0, 'deviation': 15}"
NCH0179,30.0,27.436982993749538,28.974793197499814,LOW,"{'after_hours': 0.0, 'weekend': 0.0, 'file_anomaly': 0.0, 'usb': 0.0, 'email': 15, 'web': 0.0, 'deviation': 15}"
MAW0166,30.0,27.391509221139504,28.9566036884558,LOW,"{'after_hours': 0.0, 'weekend': 0.0, 'file_anomaly': 0.0, 'usb': 0.0, 'email': 15, 'web': 0.0, 'deviation': 15}"
KBB0189,31.040462427745666,25.828296272165417,28.955595965513567,LOW,"{'after_hours': 1.0404624277456649, 'weekend': 0.0, 'file_anomaly': 0.0, 'usb': 0.0, 'email': 15, 'web': 0.0, 'deviation': 15}"
SOG0411,30.0,27.253378974107623,28.90135158964305,LOW,"{'after_hours': 0.0, 'weekend': 0.0, 'file_anomaly': 0.0, 'usb': 0.0, 'email': 15, 'web': 0.0, 'deviation': 15}"
TOR0193,30.0,27.22064636420356,28.888258545681424,LOW,"{'after_hours': 0.0, 'weekend': 0.0, 'file_anomaly': 0.0, 'usb': 0.0, 'email': 15, 'web': 0.0, 'deviation': 15}"
NHH0185,30.0,27.215124539211693,28.88604981568468,LOW,"{'after_hours': 0.0, 'weekend': 0.0, 'file_anomaly': 0.0, 'usb': 0.0, 'email': 15, 'web': 0.0, 'deviation': 15}"
MJM0510,30.0,27.213118615482017,28.885247446192807,LOW,"{'after_hours': 0.0, 'weekend': 0.0, 'file_anomaly': 0.0, 'usb': 0.0, 'email': 15, 'web': 0.0, 'deviation': 15}"
FRB0023,30.0,27.18333652323839,28.873334609295355,LOW,"{'after_hours': 0.0, 'weekend': 0.0, 'file_anomaly': 0.0, 'usb': 0.0, 'email': 15, 'web': 0.0, 'deviation': 15}"
BCB0679,30.0,27.157354303124887,28.862941721249953,LOW,"{'after_hours': 0.0, 'weekend': 0.0, 'file_anomaly': 0.0, 'usb': 0.0, 'email': 15, 'web': 0.0, 'deviation': 15}"
BCR0581,30.0,27.153561675009712,28.861424670003885,LOW,"{'after_hours': 0.0, 'weekend': 0.0, 'file_anomaly': 0.0, 'usb': 0.0, 'email': 15, 'web': 0.0, 'deviation': 15}"
CTR0697,30.0,27.149302978301236,28.859721191320496,LOW,"{'after_hours': 0.0, 'weekend': 0.0, 'file_anomaly': 0.0, 'usb': 0.0, 'email': 15, 'web': 0.0, 'deviation': 15}"
LNS0989,30.0,27.103375383087226,28.84135015323489,LOW,"{'after_hours': 0.0, 'weekend': 0.0, 'file_anomaly': 0.0, 'usb': 0.0, 'email': 15, 'web': 0.0, 'deviation': 15}"
JMH0543,30.0,27.101379277440802,28.84055171097632,LOW,"{'after_hours': 0.0, 'weekend': 0.0, 'file_anomaly': 0.0, 'usb': 0.0, 'email': 15, 'web': 0.0, 'deviation': 15}"
MNC0717,30.0,27.08754979262671,28.835019917050687,LOW,"{'after_hours': 0.0, 'weekend': 0.0, 'file_anomaly': 0.0, 'usb': 0.0, 'email': 15, 'web': 0.0, 'deviation': 15}"
JGM0934,30.0,27.0432073162436,28.81728292649744,LOW,"{'after_hours': 0.0, 'weekend': 0.0, 'file_anomaly': 0.0, 'usb': 0.0, 'email': 15, 'web': 0.0, 'deviation': 15}"
HKB0418,30.0,27.0295613971857,28.811824558874278,LOW,"{'after_hours': 0.0, 'weekend': 0.0, 'file_anomaly': 0.0, 'usb': 0.0, 'email': 15, 'web': 0.0, 'deviation': 15}"
FBW0747,30.0,27.025244123111374,28.81009764924455,LOW,"{'after_hours': 0.0, 'weekend': 0.0, 'file_anomaly': 0.0, 'usb': 0.0, 'email': 15, 'web': 0.0, 'deviation': 15}"
YJF0532,30.0,26.96809455663628,28.78723782265451,LOW,"{'after_hours': 0.0, 'weekend': 0.0, 'file_anomaly': 0.0, 'usb': 0.0, 'email': 15, 'web': 0.0, 'deviation': 15}"
SSG0250,30.0,26.93778756938246,28.775115027752985,LOW,"{'after_hours': 0.0, 'weekend': 0.0, 'file_anomaly': 0.0, 'usb': 0.0, 'email': 15, 'web': 0.0, 'deviation': 15}"
SEJ0677,30.0,26.926789023054255,28.770715609221703,LOW,"{'after_hours': 0.0, 'weekend': 0.0, 'file_anomaly': 0.0, 'usb': 0.0, 'email': 15, 'web': 0.0, 'deviation': 15}"
MKL0941,30.0,26.925812427830557,28.770324971132226,LOW,"{'after_hours': 0.0, 'weekend': 0.0, 'file_anomaly': 0.0, 'usb': 0.0, 'email': 15, 'web': 0.0, 'deviation': 15}"
SER0165,30.0,26.918476155940755,28.767390462376305,LOW,"{'after_hours': 0.0, 'weekend': 0.0, 'file_anomaly': 0.0, 'usb': 0.0, 'email': 15, 'web': 0.0, 'deviation': 15}"
MAH0149,30.0,26.917185931112638,28.766874372445056,LOW,"{'after_hours': 0.0, 'weekend': 0.0, 'file_anomaly': 0.0, 'usb': 0.0, 'email': 15, 'web': 0.0, 'deviation': 15}"
MSD0939,30.0,26.885061070162596,28.754024428065037,LOW,"{'after_hours': 0.0, 'weekend': 0.0, 'file_anomaly': 0.0, 'usb': 0.0, 'email': 15, 'web': 0.0, 'deviation': 15}"
KBC0054,30.0,26.84552946822361,28.738211787289444,LOW,"{'after_hours': 0.0, 'weekend': 0.0, 'file_anomaly': 0.0, 'usb': 0.0, 'email': 15, 'web': 0.0, 'deviation': 15}"
HLM0933,30.0,26.831290023581733,28.732516009432693,LOW,"{'after_hours': 0.0, 'weekend': 0.0, 'file_anomaly': 0.0, 'usb': 0.0, 'email': 15, 'web': 0.0, 'deviation': 15}"
EAH0466,23.635975249489693,36.33953857724775,28.717400580592916,LOW,"{'after_hours': 0.0, 'weekend': 0.0, 'file_anomaly': 0.0, 'usb': 0.0, 'email': 15, 'web': 0.0, 'deviation': 8.635975249489693}"
RHY0079,30.0,26.792786319748036,28.717114527899213,LOW,"{'after_hours': 0.0, 'weekend': 0.0, 'file_anomaly': 0.0, 'usb': 0.0, 'email': 15, 'web': 0.0, 'deviation': 15}"
LMF0980,30.0,26.792578257719285,28.717031303087715,LOW,"{'after_hours': 0.0, 'weekend': 0.0, 'file_anomaly': 0.0, 'usb': 0.0, 'email': 15, 'web': 0.0, 'deviation': 15}"
WLV0566,30.0,26.784773689100017,28.71390947564001,LOW,"{'after_hours': 0.0, 'weekend': 0.0, 'file_anomaly': 0.0, 'usb': 0.0, 'email': 15, 'web': 0.0, 'deviation': 15}"
IEB0153,30.0,26.783617472139028,28.713446988855612,LOW,"{'after_hours': 0.0, 'weekend': 0.0, 'file_anomaly': 0.0, 'usb': 0.0, 'email': 15, 'web': 0.0, 'deviation': 15}"
DTP0379,30.0,26.77478486088792,28.70991394435517,LOW,"{'after_hours': 0.0, 'weekend': 0.0, 'file_anomaly': 0.0, 'usb': 0.0, 'email': 15, 'web': 0.0, 'deviation': 15}"
SSH0799,30.0,26.74206524631159,28.69682609852464,LOW,"{'after_hours': 0.0, 'weekend': 0.0, 'file_anomaly': 0.0, 'usb': 0.0, 'email': 15, 'web': 0.0, 'deviation': 15}"
HCV0478,30.0,26.740547581256664,28.69621903250267,LOW,"{'after_hours': 0.0, 'weekend': 0.0, 'file_anomaly': 0.0, 'usb': 0.0, 'email': 15, 'web': 0.0, 'deviation': 15}"
TEM0977,30.0,26.71150759730488,28.684603038921953,LOW,"{'after_hours': 0.0, 'weekend': 0.0, 'file_anomaly': 0.0, 'usb': 0.0, 'email': 15, 'web': 0.0, 'deviation': 15}"
LPC0492,30.0,26.671550445100774,28.66862017804031,LOW,"{'after_hours': 0.0, 'weekend': 0.0, 'file_anomaly': 0.0, 'usb': 0.0, 'email': 15, 'web': 0.0, 'deviation': 15}"
KES0729,30.0,26.66007212541515,28.664028850166062,LOW,"{'after_hours': 0.0, 'weekend': 0.0, 'file_anomaly': 0.0, 'usb': 0.0, 'email': 15, 'web': 0.0, 'deviation': 15}"
JJH0292,30.0,26.58265404018185,28.63306161607274,LOW,"{'after_hours': 0.0, 'weekend': 0.0, 'file_anomaly': 0.0, 'usb': 0.0, 'email': 15, 'web': 0.0, 'deviation': 15}"
LQP0508,30.0,26.580526037797387,28.632210415118955,LOW,"{'after_hours': 0.0, 'weekend': 0.0, 'file_anomaly': 0.0, 'usb': 0.0, 'email': 15, 'web': 0.0, 'deviation': 15}"
GRC0145,30.0,26.560083744077968,28.62403349763119,LOW,"{'after_hours': 0.0, 'weekend': 0.0, 'file_anomaly': 0.0, 'usb': 0.0, 'email': 15, 'web': 0.0, 'deviation': 15}"
WVB0539,30.0,26.53939906214732,28.61575962485893,LOW,"{'after_hours': 0.0, 'weekend': 0.0, 'file_anomaly': 0.0, 'usb': 0.0, 'email': 15, 'web': 0.0, 'deviation': 15}"
GDF0704,30.0,26.516480695066857,28.606592278026746,LOW,"{'after_hours': 0.0, 'weekend': 0.0, 'file_anomaly': 0.0, 'usb': 0.0, 'email': 15, 'web': 0.0, 'deviation': 15}"
GCG0951,30.0,26.498652384019667,28.599460953607867,LOW,"{'after_hours': 0.0, 'weekend': 0.0, 'file_anomaly': 0.0, 'usb': 0.0, 'email': 15, 'web': 0.0, 'deviation': 15}"
CKH0144,30.0,26.491411728239576,28.596564691295832,LOW,"{'after_hours': 0.0, 'weekend': 0.0, 'file_anomaly': 0.0, 'usb': 0.0, 'email': 15, 'web': 0.0, 'deviation': 15}"
ASL0378,30.0,26.47011229790283,28.588044919161135,LOW,"{'after_hours': 0.0, 'weekend': 0.0, 'file_anomaly': 0.0, 'usb': 0.0, 'email': 15, 'web': 0.0, 'deviation': 15}"
CKB0482,30.0,26.460114914030473,28.58404596561219,LOW,"{'after_hours': 0.0, 'weekend': 0.0, 'file_anomaly': 0.0, 'usb': 0.0, 'email': 15, 'web': 0.0, 'deviation': 15}"
HIA0414,30.0,26.4575198768977,28.583007950759082,LOW,"{'after_hours': 0.0, 'weekend': 0.0, 'file_anomaly': 0.0, 'usb': 0.0, 'email': 15, 'web': 0.0, 'deviation': 15}"
PIS0522,30.0,26.45010067923716,28.580040271694862,LOW,"{'after_hours': 0.0, 'weekend': 0.0, 'file_anomaly': 0.0, 'usb': 0.0, 'email': 15, 'web': 0.0, 'deviation': 15}"
BLB0114,30.0,26.334414430152762,28.533765772061106,LOW,"{'after_hours': 0.0, 'weekend': 0.0, 'file_anomaly': 0.0, 'usb': 0.0, 'email': 15, 'web': 0.0, 'deviation': 15}"
PES0085,30.0,26.28394479518835,28.51357791807534,LOW,"{'after_hours': 0.0, 'weekend': 0.0, 'file_anomaly': 0.0, 'usb': 0.0, 'email': 15, 'web': 0.0, 'deviation': 15}"
CMM0487,30.0,26.28002949876707,28.51201179950683,LOW,"{'after_hours': 0.0, 'weekend': 0.0, 'file_anomaly': 0.0, 'usb': 0.0, 'email': 15, 'web': 0.0, 'deviation': 15}"
ENL0100,30.0,26.260363592579527,28.50414543703181,LOW,"{'after_hours': 0.0, 'weekend': 0.0, 'file_anomaly': 0.0, 'usb': 0.0, 'email': 15, 'web': 0.0, 'deviation': 15}"
PTH0552,30.0,26.253594691254893,28.50143787650196,LOW,"{'after_hours': 0.0, 'weekend': 0.0, 'file_anomaly': 0.0, 'usb': 0.0, 'email': 15, 'web': 0.0, 'deviation': 15}"
IUY0279,30.0,26.222704169417995,28.4890816677672,LOW,"{'after_hours': 0.0, 'weekend': 0.0, 'file_anomaly': 0.0, 'usb': 0.0, 'email': 15, 'web': 0.0, 'deviation': 15}"
BAM0611,30.0,26.201052216492126,28.480420886596853,LOW,"{'after_hours': 0.0, 'weekend': 0.0, 'file_anomaly': 0.0, 'usb': 0.0, 'email': 15, 'web': 0.0, 'deviation': 15}"
BHC0665,30.0,26.189875385390803,28.475950154156322,LOW,"{'after_hours': 0.0, 'weekend': 0.0, 'file_anomaly': 0.0, 'usb': 0.0, 'email': 15, 'web': 0.0, 'deviation': 15}"
CCR0863,30.0,26.178025366895014,28.471210146758004,LOW,"{'after_hours': 0.0, 'weekend': 0.0, 'file_anomaly': 0.0, 'usb': 0.0, 'email': 15, 'web': 0.0, 'deviation': 15}"
CWB0065,30.0,26.165841708811133,28.466336683524453,LOW,"{'after_hours': 0.0, 'weekend': 0.0, 'file_anomaly': 0.0, 'usb': 0.0, 'email': 15, 'web': 0.0, 'deviation': 15}"
CFG0959,30.0,26.143137577944657,28.457255031177866,LOW,"{'after_hours': 0.0, 'weekend': 0.0, 'file_anomaly': 0.0, 'usb': 0.0, 'email': 15, 'web': 0.0, 'deviation': 15}"
ARA0252,30.0,26.14095169803832,28.45638067921533,LOW,"{'after_hours': 0.0, 'weekend': 0.0, 'file_anomaly': 0.0, 'usb': 0.0, 'email': 15, 'web': 0.0, 'deviation': 15}"
DLF0377,30.0,26.12441173079432,28.44976469231773,LOW,"{'after_hours': 0.0, 'weekend': 0.0, 'file_anomaly': 0.0, 'usb': 0.0, 'email': 15, 'web': 0.0, 'deviation': 15}"
ASG0048,30.0,26.112850930319297,28.445140372127717,LOW,"{'after_hours': 0.0, 'weekend': 0.0, 'file_anomaly': 0.0, 'usb': 0.0, 'email': 15, 'web': 0.0, 'deviation': 15}"
IAT0263,30.0,26.06678423927055,28.426713695708223,LOW,"{'after_hours': 0.0, 'weekend': 0.0, 'file_anomaly': 0.0, 'usb': 0.0, 'email': 15, 'web': 0.0, 'deviation': 15}"
UFK0208,30.0,26.060769412204348,28.42430776488174,LOW,"{'after_hours': 0.0, 'weekend': 0.0, 'file_anomaly': 0.0, 'usb': 0.0, 'email': 15, 'web': 0.0, 'deviation': 15}"
RJM0381,30.0,26.055678902111534,28.422271560844614,LOW,"{'after_hours': 0.0, 'weekend': 0.0, 'file_anomaly': 0.0, 'usb': 0.0, 'email': 15, 'web': 0.0, 'deviation': 15}"
TYB0779,30.0,26.054114040602634,28.421645616241054,LOW,"{'after_hours': 0.0, 'weekend': 0.0, 'file_anomaly': 0.0, 'usb': 0.0, 'email': 15, 'web': 0.0, 'deviation': 15}"
AMD0077,30.0,26.04939297344078,28.419757189376313,LOW,"{'after_hours': 0.0, 'weekend': 0.0, 'file_anomaly': 0.0, 'usb': 0.0, 'email': 15, 'web': 0.0, 'deviation': 15}"
OLF0504,30.0,26.040819607337472,28.41632784293499,LOW,"{'after_hours': 0.0, 'weekend': 0.0, 'file_anomaly': 0.0, 'usb': 0.0, 'email': 15, 'web': 0.0, 'deviation': 15}"
JOM0750,30.0,26.033987066794218,28.413594826717688,LOW,"{'after_hours': 0.0, 'weekend': 0.0, 'file_anomaly': 0.0, 'usb': 0.0, 'email': 15, 'web': 0.0, 'deviation': 15}"
NIH0969,30.0,26.00231053598332,28.400924214393328,LOW,"{'after_hours': 0.0, 'weekend': 0.0, 'file_anomaly': 0.0, 'usb': 0.0, 'email': 15, 'web': 0.0, 'deviation': 15}"
CEL0561,30.0,25.983975532362752,28.3935902129451,LOW,"{'after_hours': 0.0, 'weekend': 0.0, 'file_anomaly': 0.0, 'usb': 0.0, 'email': 15, 'web': 0.0, 'deviation': 15}"
DLS0383,30.0,25.976964264569606,28.390785705827845,LOW,"{'after_hours': 0.0, 'weekend': 0.0, 'file_anomaly': 0.0, 'usb': 0.0, 'email': 15, 'web': 0.0, 'deviation': 15}"
CNM0800,30.0,25.9424543285241,28.376981731409643,LOW,"{'after_hours': 0.0, 'weekend': 0.0, 'file_anomaly': 0.0, 'usb': 0.0, 'email': 15, 'web': 0.0, 'deviation': 15}"
PGH0184,30.0,25.922761860104703,28.369104744041884,LOW,"{'after_hours': 0.0, 'weekend': 0.0, 'file_anomaly': 0.0, 'usb': 0.0, 'email': 15, 'web': 0.0, 'deviation': 15}"
LEM0605,30.0,25.916975719946112,28.366790287978446,LOW,"{'after_hours': 0.0, 'weekend': 0.0, 'file_anomaly': 0.0, 'usb': 0.0, 'email': 15, 'web': 0.0, 'deviation': 15}"
AOS0987,30.0,25.8852159630319,28.35408638521276,LOW,"{'after_hours': 0.0, 'weekend': 0.0, 'file_anomaly': 0.0, 'usb': 0.0, 'email': 15, 'web': 0.0, 'deviation': 15}"
NUL0471,30.0,25.875873888017814,28.350349555207124,LOW,"{'after_hours': 0.0, 'weekend': 0.0, 'file_anomaly': 0.0, 'usb': 0.0, 'email': 15, 'web': 0.0, 'deviation': 15}"
SVL0803,30.0,25.85591955451352,28.34236782180541,LOW,"{'after_hours': 0.0, 'weekend': 0.0, 'file_anomaly': 0.0, 'usb': 0.0, 'email': 15, 'web': 0.0, 'deviation': 15}"
ROB0272,30.0,25.823227002469313,28.329290800987728,LOW,"{'after_hours': 0.0, 'weekend': 0.0, 'file_anomaly': 0.0, 'usb': 0.0, 'email': 15, 'web': 0.0, 'deviation': 15}"
NBC0412,30.0,25.82125301335237,28.32850120534095,LOW,"{'after_hours': 0.0, 'weekend': 0.0, 'file_anomaly': 0.0, 'usb': 0.0, 'email': 15, 'web': 0.0, 'deviation': 15}"
MHG0244,30.0,25.79854915762516,28.319419663050063,LOW,"{'after_hours': 0.0, 'weekend': 0.0, 'file_anomaly': 0.0, 'usb': 0.0, 'email': 15, 'web': 0.0, 'deviation': 15}"
SAC0592,30.0,25.793786005720975,28.31751440228839,LOW,"{'after_hours': 0.0, 'weekend': 0.0, 'file_anomaly': 0.0, 'usb': 0.0, 'email': 15, 'web': 0.0, 'deviation': 15}"
NSC0597,30.0,25.78280880264615,28.31312352105846,LOW,"{'after_hours': 0.0, 'weekend': 0.0, 'file_anomaly': 0.0, 'usb': 0.0, 'email': 15, 'web': 0.0, 'deviation': 15}"
VAA0087,30.0,25.77346331160153,28.309385324640616,LOW,"{'after_hours': 0.0, 'weekend': 0.0, 'file_anomaly': 0.0, 'usb': 0.0, 'email': 15, 'web': 0.0, 'deviation': 15}"
RHP0484,30.0,25.76741884840803,28.306967539363214,LOW,"{'after_hours': 0.0, 'weekend': 0.0, 'file_anomaly': 0.0, 'usb': 0.0, 'email': 15, 'web': 0.0, 'deviation': 15}"
ASV0946,30.0,25.748953738579434,28.299581495431774,LOW,"{'after_hours': 0.0, 'weekend': 0.0, 'file_anomaly': 0.0, 'usb': 0.0, 'email': 15, 'web': 0.0, 'deviation': 15}"
FWM0707,30.0,25.7267934376245,28.2907173750498,LOW,"{'after_hours': 0.0, 'weekend': 0.0, 'file_anomaly': 0.0, 'usb': 0.0, 'email': 15, 'web': 0.0, 'deviation': 15}"
JJB0700,30.0,25.717697695325064,28.287079078130027,LOW,"{'after_hours': 0.0, 'weekend': 0.0, 'file_anomaly': 0.0, 'usb': 0.0, 'email': 15, 'web': 0.0, 'deviation': 15}"
KDT0346,30.0,25.696762429763847,28.27870497190554,LOW,"{'after_hours': 0.0, 'weekend': 0.0, 'file_anomaly': 0.0, 'usb': 0.0, 'email': 15, 'web': 0.0, 'deviation': 15}"
SSR0278,30.0,25.694676833036056,28.27787073321442,LOW,"{'after_hours': 0.0, 'weekend': 0.0, 'file_anomaly': 0.0, 'usb': 0.0, 'email': 15, 'web': 0.0, 'deviation': 15}"
LJJ0905,30.0,25.691948047883766,28.276779219153507,LOW,"{'after_hours': 0.0, 'weekend': 0.0, 'file_anomaly': 0.0, 'usb': 0.0, 'email': 15, 'web': 0.0, 'deviation': 15}"
SLT0907,30.0,25.683132974900712,28.273253189960286,LOW,"{'after_hours': 0.0, 'weekend': 0.0, 'file_anomaly': 0.0, 'usb': 0.0, 'email': 15, 'web': 0.0, 'deviation': 15}"
BNR0965,30.0,25.67911678131795,28.27164671252718,LOW,"{'after_hours': 0.0, 'weekend': 0.0, 'file_anomaly': 0.0, 'usb': 0.0, 'email': 15, 'web': 0.0, 'deviation': 15}"
SDB0106,30.0,25.652383902370126,28.260953560948053,LOW,"{'after_hours': 0.0, 'weekend': 0.0, 'file_anomaly': 0.0, 'usb': 0.0, 'email': 15, 'web': 0.0, 'deviation': 15}"
NAR0981,30.0,25.637596933131434,28.255038773252572,LOW,"{'after_hours': 0.0, 'weekend': 0.0, 'file_anomaly': 0.0, 'usb': 0.0, 'email': 15, 'web': 0.0, 'deviation': 15}"
HPR0585,30.0,25.636719838692258,28.254687935476902,LOW,"{'after_hours': 0.0, 'weekend': 0.0, 'file_anomaly': 0.0, 'usb': 0.0, 'email': 15, 'web': 0.0, 'deviation': 15}"
GJT0386,30.0,25.628807383697964,28.25152295347919,LOW,"{'after_hours': 0.0, 'weekend': 0.0, 'file_anomaly': 0.0, 'usb': 0.0, 'email': 15, 'web': 0.0, 'deviation': 15}"
ASS0517,30.0,25.62456347210717,28.24982538884287,LOW,"{'after_hours': 0.0, 'weekend': 0.0, 'file_anomaly': 0.0, 'usb': 0.0, 'email': 15, 'web': 0.0, 'deviation': 15}"
GNZ0953,30.0,25.613440793307735,28.245376317323093,LOW,"{'after_hours': 0.0, 'weekend': 0.0, 'file_anomaly': 0.0, 'usb': 0.0, 'email': 15, 'web': 0.0, 'deviation': 15}"
NJB0243,30.0,25.597734954277872,28.23909398171115,LOW,"{'after_hours': 0.0, 'weekend': 0.0, 'file_anomaly': 0.0, 'usb': 0.0, 'email': 15, 'web': 0.0, 'deviation': 15}"
MES0407,30.0,25.594724622961728,28.23788984918469,LOW,"{'after_hours': 0.0, 'weekend': 0.0, 'file_anomaly': 0.0, 'usb': 0.0, 'email': 15, 'web': 0.0, 'deviation': 15}"
KSH0569,30.0,25.574530530653085,28.229812212261237,LOW,"{'after_hours': 0.0, 'weekend': 0.0, 'file_anomaly': 0.0, 'usb': 0.0, 'email': 15, 'web': 0.0, 'deviation': 15}"
KAT0270,30.0,25.572609102257495,28.229043640903,LOW,"{'after_hours': 0.0, 'weekend': 0.0, 'file_anomaly': 0.0, 'usb': 0.0, 'email': 15, 'web': 0.0, 'deviation': 15}"
ASM0575,30.0,25.520167285424755,28.208066914169905,LOW,"{'after_hours': 0.0, 'weekend': 0.0, 'file_anomaly': 0.0, 'usb': 0.0, 'email': 15, 'web': 0.0, 'deviation': 15}"
WAB0143,30.0,25.505639530787445,28.20225581231498,LOW,"{'after_hours': 0.0, 'weekend': 0.0, 'file_anomaly': 0.0, 'usb': 0.0, 'email': 15, 'web': 0.0, 'deviation': 15}"
ARD0509,30.0,25.505463956642764,28.20218558265711,LOW,"{'after_hours': 0.0, 'weekend': 0.0, 'file_anomaly': 0.0, 'usb': 0.0, 'email': 15, 'web': 0.0, 'deviation': 15}"
RGN0408,30.0,25.505233234649893,28.20209329385996,LOW,"{'after_hours': 0.0, 'weekend': 0.0, 'file_anomaly': 0.0, 'usb': 0.0, 'email': 15, 'web': 0.0, 'deviation': 15}"
OYM0026,30.0,25.485261533108332,28.194104613243333,LOW,"{'after_hours': 0.0, 'weekend': 0.0, 'file_anomaly': 0.0, 'usb': 0.0, 'email': 15, 'web': 0.0, 'deviation': 15}"
TSG0906,30.0,25.483225082530037,28.193290033012016,LOW,"{'after_hours': 0.0, 'weekend': 0.0, 'file_anomaly': 0.0, 'usb': 0.0, 'email': 15, 'web': 0.0, 'deviation': 15}"
LPH0572,27.2382572444592,29.59178433753069,28.179668081687794,LOW,"{'after_hours': 0.0, 'weekend': 0.0, 'file_anomaly': 0.0, 'usb': 0.0, 'email': 15, 'web': 0.0, 'deviation': 12.238257244459199}"
AMV0036,30.0,25.430903614413026,28.172361445765212,LOW,"{'after_hours': 0.0, 'weekend': 0.0, 'file_anomaly': 0.0, 'usb': 0.0, 'email': 15, 'web': 0.0, 'deviation': 15}"
ANT0430,30.0,25.425658921328576,28.170263568531432,LOW,"{'after_hours': 0.0, 'weekend': 0.0, 'file_anomaly': 0.0, 'usb': 0.0, 'email': 15, 'web': 0.0, 'deviation': 15}"
MLP0668,30.0,25.4211622284487,28.16846489137948,LOW,"{'after_hours': 0.0, 'weekend': 0.0, 'file_anomaly': 0.0, 'usb': 0.0, 'email': 15, 'web': 0.0, 'deviation': 15}"
CAB0388,30.0,25.412608806960595,28.165043522784238,LOW,"{'after_hours': 0.0, 'weekend': 0.0, 'file_anomaly': 0.0, 'usb': 0.0, 'email': 15, 'web': 0.0, 'deviation': 15}"
TLM0797,30.0,25.409470336495183,28.16378813459807,LOW,"{'after_hours': 0.0, 'weekend': 0.0, 'file_anomaly': 0.0, 'usb': 0.0, 'email': 15, 'web': 0.0, 'deviation': 15}"
ALD0544,30.0,25.39389415032905,28.157557660131623,LOW,"{'after_hours': 0.0, 'weekend': 0.0, 'file_anomaly': 0.0, 'usb': 0.0, 'email': 15, 'web': 0.0, 'deviation': 15}"
BSS0463,30.0,25.389097506056473,28.15563900242259,LOW,"{'after_hours': 0.0, 'weekend': 0.0, 'file_anomaly': 0.0, 'usb': 0.0, 'email': 15, 'web': 0.0, 'deviation': 15}"
YDN0198,30.0,25.388755674443303,28.155502269777323,LOW,"{'after_hours': 0.0, 'weekend': 0.0, 'file_anomaly': 0.0, 'usb': 0.0, 'email': 15, 'web': 0.0, 'deviation': 15}"
ORM0669,30.0,25.38792831537946,28.155171326151788,LOW,"{'after_hours': 0.0, 'weekend': 0.0, 'file_anomaly': 0.0, 'usb': 0.0, 'email': 15, 'web': 0.0, 'deviation': 15}"
BYP0070,30.0,25.378162072016895,28.15126482880676,LOW,"{'after_hours': 0.0, 'weekend': 0.0, 'file_anomaly': 0.0, 'usb': 0.0, 'email': 15, 'web': 0.0, 'deviation': 15}"
ETR0428,30.0,25.356105637871522,28.14244225514861,LOW,"{'after_hours': 0.0, 'weekend': 0.0, 'file_anomaly': 0.0, 'usb': 0.0, 'email': 15, 'web': 0.0, 'deviation': 15}"
IJW0851,30.0,25.328109133104793,28.131243653241917,LOW,"{'after_hours': 0.0, 'weekend': 0.0, 'file_anomaly': 0.0, 'usb': 0.0, 'email': 15, 'web': 0.0, 'deviation': 15}"
BXJ0010,30.0,25.322619977833327,28.129047991133334,LOW,"{'after_hours': 0.0, 'weekend': 0.0, 'file_anomaly': 0.0, 'usb': 0.0, 'email': 15, 'web': 0.0, 'deviation': 15}"
DVW0103,30.0,25.318778063132296,28.127511225252917,LOW,"{'after_hours': 0.0, 'weekend': 0.0, 'file_anomaly': 0.0, 'usb': 0.0, 'email': 15, 'web': 0.0, 'deviation': 15}"
RBB0485,30.0,25.313211601363626,28.125284640545452,LOW,"{'after_hours': 0.0, 'weekend': 0.0, 'file_anomaly': 0.0, 'usb': 0.0, 'email': 15, 'web': 0.0, 'deviation': 15}"
JXH0493,30.0,25.31180793200868,28.12472317280347,LOW,"{'after_hours': 0.0, 'weekend': 0.0, 'file_anomaly': 0.0, 'usb': 0.0, 'email': 15, 'web': 0.0, 'deviation': 15}"
SJC0333,30.0,25.308936740095252,28.1235746960381,LOW,"{'after_hours': 0.0, 'weekend': 0.0, 'file_anomaly': 0.0, 'usb': 0.0, 'email': 15, 'web': 0.0, 'deviation': 15}"
BNG0237,30.0,25.301396120962178,28.12055844838487,LOW,"{'after_hours': 0.0, 'weekend': 0.0, 'file_anomaly': 0.0, 'usb': 0.0, 'email': 15, 'web': 0.0, 'deviation': 15}"
CJV0286,30.0,25.297507771343657,28.119003108537463,LOW,"{'after_hours': 0.0, 'weekend': 0.0, 'file_anomaly': 0.0, 'usb': 0.0, 'email': 15, 'web': 0.0, 'deviation': 15}"
ALD0529,30.0,25.27366057609011,28.109464230436046,LOW,"{'after_hours': 0.0, 'weekend': 0.0, 'file_anomaly': 0.0, 'usb': 0.0, 'email': 15, 'web': 0.0, 'deviation': 15}"
LOF0311,30.0,25.245508883498474,28.09820355339939,LOW,"{'after_hours': 0.0, 'weekend': 0.0, 'file_anomaly': 0.0, 'usb': 0.0, 'email': 15, 'web': 0.0, 'deviation': 15}"
HBB0056,30.0,25.226082519281377,28.09043300771255,LOW,"{'after_hours': 0.0, 'weekend': 0.0, 'file_anomaly': 0.0, 'usb': 0.0, 'email': 15, 'web': 0.0, 'deviation': 15}"
JCW0858,30.0,25.20483337628955,28.08193335051582,LOW,"{'after_hours': 0.0, 'weekend': 0.0, 'file_anomaly': 0.0, 'usb': 0.0, 'email': 15, 'web': 0.0, 'deviation': 15}"
MCS0035,30.0,25.19730776301484,28.078923105205938,LOW,"{'after_hours': 0.0, 'weekend': 0.0, 'file_anomaly': 0.0, 'usb': 0.0, 'email': 15, 'web': 0.0, 'deviation': 15}"
SBN0495,30.0,25.190172844150403,28.076069137660163,LOW,"{'after_hours': 0.0, 'weekend': 0.0, 'file_anomaly': 0.0, 'usb': 0.0, 'email': 15, 'web': 0.0, 'deviation': 15}"
WAS0254,30.0,25.189240747738417,28.07569629909537,LOW,"{'after_hours': 0.0, 'weekend': 0.0, 'file_anomaly': 0.0, 'usb': 0.0, 'email': 15, 'web': 0.0, 'deviation': 15}"
RKF0164,30.0,25.168293033633343,28.067317213453336,LOW,"{'after_hours': 0.0, 'weekend': 0.0, 'file_anomaly': 0.0, 'usb': 0.0, 'email': 15, 'web': 0.0, 'deviation': 15}"
CUD0795,30.0,25.128976761328165,28.051590704531264,LOW,"{'after_hours': 0.0, 'weekend': 0.0, 'file_anomaly': 0.0, 'usb': 0.0, 'email': 15, 'web': 0.0, 'deviation': 15}"
GBM0603,30.0,25.12613499209651,28.050453996838606,LOW,"{'after_hours': 0.0, 'weekend': 0.0, 'file_anomaly': 0.0, 'usb': 0.0, 'email': 15, 'web': 0.0, 'deviation': 15}"
TEB0251,30.0,25.120181999416946,28.04807279976678,LOW,"{'after_hours': 0.0, 'weekend': 0.0, 'file_anomaly': 0.0, 'usb': 0.0, 'email': 15, 'web': 0.0, 'deviation': 15}"
WNB0908,30.0,25.114491161584944,28.04579646463398,LOW,"{'after_hours': 0.0, 'weekend': 0.0, 'file_anomaly': 0.0, 'usb': 0.0, 'email': 15, 'web': 0.0, 'deviation': 15}"
DVM0265,30.0,25.076541846611946,28.03061673864478,LOW,"{'after_hours': 0.0, 'weekend': 0.0, 'file_anomaly': 0.0, 'usb': 0.0, 'email': 15, 'web': 0.0, 'deviation': 15}"
ICS0956,30.0,25.05731698938976,28.022926795755907,LOW,"{'after_hours': 0.0, 'weekend': 0.0, 'file_anomaly': 0.0, 'usb': 0.0, 'email': 15, 'web': 0.0, 'deviation': 15}"
ABN0239,30.0,25.04985377434697,28.01994150973879,LOW,"{'after_hours': 0.0, 'weekend': 0.0, 'file_anomaly': 0.0, 'usb': 0.0, 'email': 15, 'web': 0.0, 'deviation': 15}"
TEM0093,30.0,25.045661860160866,28.018264744064346,LOW,"{'after_hours': 0.0, 'weekend': 0.0, 'file_anomaly': 0.0, 'usb': 0.0, 'email': 15, 'web': 0.0, 'deviation': 15}"
MIB0904,30.0,25.03950819554486,28.015803278217945,LOW,"{'after_hours': 0.0, 'weekend': 0.0, 'file_anomaly': 0.0, 'usb': 0.0, 'email': 15, 'web': 0.0, 'deviation': 15}"
RAS0432,30.0,25.038354550680573,28.01534182027223,LOW,"{'after_hours': 0.0, 'weekend': 0.0, 'file_anomaly': 0.0, 'usb': 0.0, 'email': 15, 'web': 0.0, 'deviation': 15}"
NCO0666,30.0,25.034381808790123,28.01375272351605,LOW,"{'after_hours': 0.0, 'weekend': 0.0, 'file_anomaly': 0.0, 'usb': 0.0, 'email': 15, 'web': 0.0, 'deviation': 15}"
ABC0253,30.0,25.02817808700057,28.011271234800226,LOW,"{'after_hours': 0.0, 'weekend': 0.0, 'file_anomaly': 0.0, 'usb': 0.0, 'email': 15, 'web': 0.0, 'deviation': 15}"
MMB0488,30.0,25.008438261451023,28.00337530458041,LOW,"{'after_hours': 0.0, 'weekend': 0.0, 'file_anomaly': 0.0, 'usb': 0.0, 'email': 15, 'web': 0.0, 'deviation': 15}"
PLH0862,30.0,24.983350474262046,27.993340189704817,LOW,"{'after_hours': 0.0, 'weekend': 0.0, 'file_anomaly': 0.0, 'usb': 0.0, 'email': 15, 'web': 0.0, 'deviation': 15}"
LTS0860,30.0,24.9781332158792,27.99125328635168,LOW,"{'after_hours': 0.0, 'weekend': 0.0, 'file_anomaly': 0.0, 'usb': 0.0, 'email': 15, 'web': 0.0, 'deviation': 15}"
JPA0667,30.0,24.972207325636287,27.988882930254515,LOW,"{'after_hours': 0.0, 'weekend': 0.0, 'file_anomaly': 0.0, 'usb': 0.0, 'email': 15, 'web': 0.0, 'deviation': 15}"
JML0909,30.0,24.969505440895407,27.987802176358166,LOW,"{'after_hours': 0.0, 'weekend': 0.0, 'file_anomaly': 0.0, 'usb': 0.0, 'email': 15, 'web': 0.0, 'deviation': 15}"
OKB0439,30.0,24.968273776016304,27.987309510406522,LOW,"{'after_hours': 0.0, 'weekend': 0.0, 'file_anomaly': 0.0, 'usb': 0.0, 'email': 15, 'web': 0.0, 'deviation': 15}"
EMB0531,30.0,24.963971277565783,27.985588511026315,LOW,"{'after_hours': 0.0, 'weekend': 0.0, 'file_anomaly': 0.0, 'usb': 0.0, 'email': 15, 'web': 0.0, 'deviation': 15}"
DLH0029,30.0,24.958304820747745,27.983321928299098,LOW,"{'after_hours': 0.0, 'weekend': 0.0, 'file_anomaly': 0.0, 'usb': 0.0, 'email': 15, 'web': 0.0, 'deviation': 15}"
KJW0416,30.0,24.957313717787617,27.982925487115047,LOW,"{'after_hours': 0.0, 'weekend': 0.0, 'file_anomaly': 0.0, 'usb': 0.0, 'email': 15, 'web': 0.0, 'deviation': 15}"
SCF0608,30.0,24.953617562687892,27.981447025075155,LOW,"{'after_hours': 0.0, 'weekend': 0.0, 'file_anomaly': 0.0, 'usb': 0.0, 'email': 15, 'web': 0.0, 'deviation': 15}"
NRD0548,30.0,24.931056991513234,27.972422796605294,LOW,"{'after_hours': 0.0, 'weekend': 0.0, 'file_anomaly': 0.0, 'usb': 0.0, 'email': 15, 'web': 0.0, 'deviation': 15}"
NBH0256,30.0,24.909027107219835,27.963610842887935,LOW,"{'after_hours': 0.0, 'weekend': 0.0, 'file_anomaly': 0.0, 'usb': 0.0, 'email': 15, 'web': 0.0, 'deviation': 15}"
AAE0190,30.0,24.903798952822413,27.961519581128968,LOW,"{'after_hours': 0.0, 'weekend': 0.0, 'file_anomaly': 0.0, 'usb': 0.0, 'email': 15, 'web': 0.0, 'deviation': 15}"
RGH0728,30.0,24.891827604304993,27.956731041721998,LOW,"{'after_hours': 0.0, 'weekend': 0.0, 'file_anomaly': 0.0, 'usb': 0.0, 'email': 15, 'web': 0.0, 'deviation': 15}"
YCE0983,30.0,24.88417328519584,27.953669314078336,LOW,"{'after_hours': 0.0, 'weekend': 0.0, 'file_anomaly': 0.0, 'usb': 0.0, 'email': 15, 'web': 0.0, 'deviation': 15}"
CSB0080,30.0,24.872493827358177,27.948997530943274,LOW,"{'after_hours': 0.0, 'weekend': 0.0, 'file_anomaly': 0.0, 'usb': 0.0, 'email': 15, 'web': 0.0, 'deviation': 15}"
SMW0084,30.0,24.84365919847769,27.93746367939108,LOW,"{'after_hours': 0.0, 'weekend': 0.0, 'file_anomaly': 0.0, 'usb': 0.0, 'email': 15, 'web': 0.0, 'deviation': 15}"
NNA0610,30.0,24.833244711971908,27.933297884788765,LOW,"{'after_hours': 0.0, 'weekend': 0.0, 'file_anomaly': 0.0, 'usb': 0.0, 'email': 15, 'web': 0.0, 'deviation': 15}"
MBG0438,30.0,24.830742384343147,27.932296953737257,LOW,"{'after_hours': 0.0, 'weekend': 0.0, 'file_anomaly': 0.0, 'usb': 0.0, 'email': 15, 'web': 0.0, 'deviation': 15}"
GCC0744,30.0,24.82352300008057,27.92940920003223,LOW,"{'after_hours': 0.0, 'weekend': 0.0, 'file_anomaly': 0.0, 'usb': 0.0, 'email': 15, 'web': 0.0, 'deviation': 15}"
AMH0794,30.0,24.80036307519774,27.920145230079097,LOW,"{'after_hours': 0.0, 'weekend': 0.0, 'file_anomaly': 0.0, 'usb': 0.0, 'email': 15, 'web': 0.0, 'deviation': 15}"
JCV0245,30.0,24.796242563059597,27.91849702522384,LOW,"{'after_hours': 0.0, 'weekend': 0.0, 'file_anomaly': 0.0, 'usb': 0.0, 'email': 15, 'web': 0.0, 'deviation': 15}"
ETR0177,30.0,24.78663708711543,27.914654834846175,LOW,"{'after_hours': 0.0, 'weekend': 0.0, 'file_anomaly': 0.0, 'usb': 0.0, 'email': 15, 'web': 0.0, 'deviation': 15}"
KVS0425,30.0,24.7738332436022,27.90953329744088,LOW,"{'after_hours': 0.0, 'weekend': 0.0, 'file_anomaly': 0.0, 'usb': 0.0, 'email': 15, 'web': 0.0, 'deviation': 15}"
HPM0986,30.0,24.76151552310538,27.904606209242154,LOW,"{'after_hours': 0.0, 'weekend': 0.0, 'file_anomaly': 0.0, 'usb': 0.0, 'email': 15, 'web': 0.0, 'deviation': 15}"
JNA0559,30.0,24.752445599386164,27.900978239754465,LOW,"{'after_hours': 0.0, 'weekend': 0.0, 'file_anomaly': 0.0, 'usb': 0.0, 'email': 15, 'web': 0.0, 'deviation': 15}"
RAG0275,30.0,24.74862976477445,27.89945190590978,LOW,"{'after_hours': 0.0, 'weekend': 0.0, 'file_anomaly': 0.0, 'usb': 0.0, 'email': 15, 'web': 0.0, 'deviation': 15}"
EHR0096,30.0,24.747651625330246,27.8990606501321,LOW,"{'after_hours': 0.0, 'weekend': 0.0, 'file_anomaly': 0.0, 'usb': 0.0, 'email': 15, 'web': 0.0, 'deviation': 15}"
GOK0238,30.0,24.744504432756788,27.897801773102714,LOW,"{'after_hours': 0.0, 'weekend': 0.0, 'file_anomaly': 0.0, 'usb': 0.0, 'email': 15, 'web': 0.0, 'deviation': 15}"
ATF0274,30.0,24.732422335304044,27.89296893412162,LOW,"{'after_hours': 0.0, 'weekend': 0.0, 'file_anomaly': 0.0, 'usb': 0.0, 'email': 15, 'web': 0.0, 'deviation': 15}"
WTF0387,30.0,24.718336489016412,27.887334595606568,LOW,"{'after_hours': 0.0, 'weekend': 0.0, 'file_anomaly': 0.0, 'usb': 0.0, 'email': 15, 'web': 0.0, 'deviation': 15}"
COM0321,30.0,24.71820858789769,27.887283435159077,LOW,"{'after_hours': 0.0, 'weekend': 0.0, 'file_anomaly': 0.0, 'usb': 0.0, 'email': 15, 'web': 0.0, 'deviation': 15}"
WBC0315,30.0,24.706216107770878,27.882486443108352,LOW,"{'after_hours': 0.0, 'weekend': 0.0, 'file_anomaly': 0.0, 'usb': 0.0, 'email': 15, 'web': 0.0, 'deviation': 15}"
BER0314,30.0,24.68480289064452,27.873921156257808,LOW,"{'after_hours': 0.0, 'weekend': 0.0, 'file_anomaly': 0.0, 'usb': 0.0, 'email': 15, 'web': 0.0, 'deviation': 15}"
MHA0798,30.0,24.67219602817261,27.868878411269044,LOW,"{'after_hours': 0.0, 'weekend': 0.0, 'file_anomaly': 0.0, 'usb': 0.0, 'email': 15, 'web': 0.0, 'deviation': 15}"
ASS0206,30.0,24.67099019863807,27.86839607945523,LOW,"{'after_hours': 0.0, 'weekend': 0.0, 'file_anomaly': 0.0, 'usb': 0.0, 'email': 15, 'web': 0.0, 'deviation': 15}"
ZJS0269,30.0,24.662691939809235,27.865076775923697,LOW,"{'after_hours': 0.0, 'weekend': 0.0, 'file_anomaly': 0.0, 'usb': 0.0, 'email': 15, 'web': 0.0, 'deviation': 15}"
HWM0342,30.0,24.658296158486653,27.863318463394663,LOW,"{'after_hours': 0.0, 'weekend': 0.0, 'file_anomaly': 0.0, 'usb': 0.0, 'email': 15, 'web': 0.0, 'deviation': 15}"
CCM0467,30.0,24.65381723987215,27.861526895948863,LOW,"{'after_hours': 0.0, 'weekend': 0.0, 'file_anomaly': 0.0, 'usb': 0.0, 'email': 15, 'web': 0.0, 'deviation': 15}"
SNS0129,30.0,24.62573521621921,27.850294086487686,LOW,"{'after_hours': 0.0, 'weekend': 0.0, 'file_anomaly': 0.0, 'usb': 0.0, 'email': 15, 'web': 0.0, 'deviation': 15}"
ANP0555,30.0,24.617738796734184,27.847095518693674,LOW,"{'after_hours': 0.0, 'weekend': 0.0, 'file_anomaly': 0.0, 'usb': 0.0, 'email': 15, 'web': 0.0, 'deviation': 15}"
EMW0105,30.0,24.615384154431762,27.846153661772703,LOW,"{'after_hours': 0.0, 'weekend': 0.0, 'file_anomaly': 0.0, 'usb': 0.0, 'email': 15, 'web': 0.0, 'deviation': 15}"
CAM0102,30.0,24.609265357287352,27.84370614291494,LOW,"{'after_hours': 0.0, 'weekend': 0.0, 'file_anomaly': 0.0, 'usb': 0.0, 'email': 15, 'web': 0.0, 'deviation': 15}"
DGN0480,30.0,24.5961228290395,27.838449131615803,LOW,"{'after_hours': 0.0, 'weekend': 0.0, 'file_anomaly': 0.0, 'usb': 0.0, 'email': 15, 'web': 0.0, 'deviation': 15}"
IRT0491,30.0,24.588738836053892,27.835495534421558,LOW,"{'after_hours': 0.0, 'weekend': 0.0, 'file_anomaly': 0.0, 'usb': 0.0, 'email': 15, 'web': 0.0, 'deviation': 15}"
VEB0935,30.0,24.585009921537427,27.834003968614972,LOW,"{'after_hours': 0.0, 'weekend': 0.0, 'file_anomaly': 0.0, 'usb': 0.0, 'email': 15, 'web': 0.0, 'deviation': 15}"
MHG0733,30.0,24.5826575361616,27.833063014464642,LOW,"{'after_hours': 0.0, 'weekend': 0.0, 'file_anomaly': 0.0, 'usb': 0.0, 'email': 15, 'web': 0.0, 'deviation': 15}"
WTR0563,30.0,24.58060142308898,27.832240569235594,LOW,"{'after_hours': 0.0, 'weekend': 0.0, 'file_anomaly': 0.0, 'usb': 0.0, 'email': 15, 'web': 0.0, 'deviation': 15}"
NAB0801,30.0,24.577411452389786,27.830964580955914,LOW,"{'after_hours': 0.0, 'weekend': 0.0, 'file_anomaly': 0.0, 'usb': 0.0, 'email': 15, 'web': 0.0, 'deviation': 15}"
DDA0476,30.0,24.570272513977372,27.82810900559095,LOW,"{'after_hours': 0.0, 'weekend': 0.0, 'file_anomaly': 0.0, 'usb': 0.0, 'email': 15, 'web': 0.0, 'deviation': 15}"
CJC0494,30.0,24.55498514778433,27.821994059113734,LOW,"{'after_hours': 0.0, 'weekend': 0.0, 'file_anomaly': 0.0, 'usb': 0.0, 'email': 15, 'web': 0.0, 'deviation': 15}"
MIC0726,30.0,24.54827698147427,27.81931079258971,LOW,"{'after_hours': 0.0, 'weekend': 0.0, 'file_anomaly': 0.0, 'usb': 0.0, 'email': 15, 'web': 0.0, 'deviation': 15}"
MIM0712,30.0,24.544354601699315,27.817741840679727,LOW,"{'after_hours': 0.0, 'weekend': 0.0, 'file_anomaly': 0.0, 'usb': 0.0, 'email': 15.0, 'web': 0.0, 'deviation': 15}"
AAF0791,30.0,24.537679768582514,27.81507190743301,LOW,"{'after_hours': 0.0, 'weekend': 0.0, 'file_anomaly': 0.0, 'usb': 0.0, 'email': 15, 'web': 0.0, 'deviation': 15}"
ZSL0305,30.0,24.53397725121392,27.81359090048557,LOW,"{'after_hours': 0.0, 'weekend': 0.0, 'file_anomaly': 0.0, 'usb': 0.0, 'email': 15, 'web': 0.0, 'deviation': 15}"
CJM0138,30.0,24.53390286484087,27.813561145936347,LOW,"{'after_hours': 0.0, 'weekend': 0.0, 'file_anomaly': 0.0, 'usb': 0.0, 'email': 15, 'web': 0.0, 'deviation': 15}"
MCJ0324,30.0,24.525593446141574,27.81023737845663,LOW,"{'after_hours': 0.0, 'weekend': 0.0, 'file_anomaly': 0.0, 'usb': 0.0, 'email': 15, 'web': 0.0, 'deviation': 15}"
SMB0804,30.0,24.503510121594534,27.801404048637814,LOW,"{'after_hours': 0.0, 'weekend': 0.0, 'file_anomaly': 0.0, 'usb': 0.0, 'email': 15, 'web': 0.0, 'deviation': 15}"
ONL0276,30.0,24.490488951318863,27.796195580527545,LOW,"{'after_hours': 0.0, 'weekend': 0.0, 'file_anomaly': 0.0, 'usb': 0.0, 'email': 15, 'web': 0.0, 'deviation': 15}"
SJF0094,30.0,24.483986375735444,27.79359455029418,LOW,"{'after_hours': 0.0, 'weekend': 0.0, 'file_anomaly': 0.0, 'usb': 0.0, 'email': 15, 'web': 0.0, 'deviation': 15}"
IMG0320,30.0,24.481695431332984,27.792678172533194,LOW,"{'after_hours': 0.0, 'weekend': 0.0, 'file_anomaly': 0.0, 'usb': 0.0, 'email': 15, 'web': 0.0, 'deviation': 15}"
MDM0976,30.0,24.48105564154589,27.79242225661836,LOW,"{'after_hours': 0.0, 'weekend': 0.0, 'file_anomaly': 0.0, 'usb': 0.0, 'email': 15, 'web': 0.0, 'deviation': 15}"
CRP0456,30.0,24.463918357856247,27.7855673431425,LOW,"{'after_hours': 0.0, 'weekend': 0.0, 'file_anomaly': 0.0, 'usb': 0.0, 'email': 15, 'web': 0.0, 'deviation': 15}"
PKB0281,30.0,24.45986669849112,27.78394667939645,LOW,"{'after_hours': 0.0, 'weekend': 0.0, 'file_anomaly': 0.0, 'usb': 0.0, 'email': 15, 'web': 0.0, 'deviation': 15}"
DIC0988,30.0,24.458380447444604,27.783352178977843,LOW,"{'after_hours': 0.0, 'weekend': 0.0, 'file_anomaly': 0.0, 'usb': 0.0, 'email': 15, 'web': 0.0, 'deviation': 15}"
QPM0727,30.0,24.456843538829805,27.782737415531923,LOW,"{'after_hours': 0.0, 'weekend': 0.0, 'file_anomaly': 0.0, 'usb': 0.0, 'email': 15, 'web': 0.0, 'deviation': 15}"
NCK0421,30.0,24.45300037157351,27.781200148629402,LOW,"{'after_hours': 0.0, 'weekend': 0.0, 'file_anomaly': 0.0, 'usb': 0.0, 'email': 15, 'web': 0.0, 'deviation': 15}"
NAF0033,30.0,24.444828600944113,27.777931440377646,LOW,"{'after_hours': 0.0, 'weekend': 0.0, 'file_anomaly': 0.0, 'usb': 0.0, 'email': 15, 'web': 0.0, 'deviation': 15}"
DSB0731,30.0,24.444775546901155,27.77791021876046,LOW,"{'after_hours': 0.0, 'weekend': 0.0, 'file_anomaly': 0.0, 'usb': 0.0, 'email': 15, 'web': 0.0, 'deviation': 15}"
CEB0210,30.0,24.440684688403806,27.776273875361525,LOW,"{'after_hours': 0.0, 'weekend': 0.0, 'file_anomaly': 0.0, 'usb': 0.0, 'email': 15, 'web': 0.0, 'deviation': 15}"
CIG0052,30.0,24.428714768209993,27.771485907283996,LOW,"{'after_hours': 0.0, 'weekend': 0.0, 'file_anomaly': 0.0, 'usb': 0.0, 'email': 15, 'web': 0.0, 'deviation': 15}"
LHL0309,30.0,24.42097919978111,27.768391679912448,LOW,"{'after_hours': 0.0, 'weekend': 0.0, 'file_anomaly': 0.0, 'usb': 0.0, 'email': 15, 'web': 0.0, 'deviation': 15}"
MKS0204,30.0,24.405867969695265,27.762347187878106,LOW,"{'after_hours': 0.0, 'weekend': 0.0, 'file_anomaly': 0.0, 'usb': 0.0, 'email': 15, 'web': 0.0, 'deviation': 15}"
MCF0327,30.0,24.405279548678354,27.762111819471343,LOW,"{'after_hours': 0.0, 'weekend': 0.0, 'file_anomaly': 0.0, 'usb': 0.0, 'email': 15, 'web': 0.0, 'deviation': 15}"
GJD0298,30.0,24.388715318504545,27.755486127401817,LOW,"{'after_hours': 0.0, 'weekend': 0.0, 'file_anomaly': 0.0, 'usb': 0.0, 'email': 15, 'web': 0.0, 'deviation': 15}"
ORB0473,30.0,24.376785619163282,27.750714247665314,LOW,"{'after_hours': 0.0, 'weekend': 0.0, 'file_anomaly': 0.0, 'usb': 0.0, 'email': 15, 'web': 0.0, 'deviation': 15}"
EBC0390,30.0,24.369910784747617,27.747964313899047,LOW,"{'after_hours': 0.0, 'weekend': 0.0, 'file_anomaly': 0.0, 'usb': 0.0, 'email': 15, 'web': 0.0, 'deviation': 15}"
KTG0091,30.0,24.368065324154287,27.747226129661716,LOW,"{'after_hours': 0.0, 'weekend': 0.0, 'file_anomaly': 0.0, 'usb': 0.0, 'email': 15, 'web': 0.0, 'deviation': 15}"
JAM0382,30.0,24.36648130621588,27.746592522486353,LOW,"{'after_hours': 0.0, 'weekend': 0.0, 'file_anomaly': 0.0, 'usb': 0.0, 'email': 15, 'web': 0.0, 'deviation': 15}"
SVL0940,30.0,24.36078548797183,27.744314195188736,LOW,"{'after_hours': 0.0, 'weekend': 0.0, 'file_anomaly': 0.0, 'usb': 0.0, 'email': 15, 'web': 0.0, 'deviation': 15}"
ERH0449,30.0,24.35465757658305,27.74186303063322,LOW,"{'after_hours': 0.0, 'weekend': 0.0, 'file_anomaly': 0.0, 'usb': 0.0, 'email': 15, 'web': 0.0, 'deviation': 15}"
JRL0574,30.0,24.35465757658305,27.74186303063322,LOW,"{'after_hours': 0.0, 'weekend': 0.0, 'file_anomaly': 0.0, 'usb': 0.0, 'email': 15, 'web': 0.0, 'deviation': 15}"
DAG0558,30.0,24.332751268045715,27.73310050721829,LOW,"{'after_hours': 0.0, 'weekend': 0.0, 'file_anomaly': 0.0, 'usb': 0.0, 'email': 15, 'web': 0.0, 'deviation': 15}"
KJA0152,30.0,24.33122643926206,27.732490575704823,LOW,"{'after_hours': 0.0, 'weekend': 0.0, 'file_anomaly': 0.0, 'usb': 0.0, 'email': 15, 'web': 0.0, 'deviation': 15}"
KJS0618,30.0,24.32420369783467,27.729681479133866,LOW,"{'after_hours': 0.0, 'weekend': 0.0, 'file_anomaly': 0.0, 'usb': 0.0, 'email': 15, 'web': 0.0, 'deviation': 15}"
JIM0095,30.0,24.321806475243996,27.728722590097597,LOW,"{'after_hours': 0.0, 'weekend': 0.0, 'file_anomaly': 0.0, 'usb': 0.0, 'email': 15, 'web': 0.0, 'deviation': 15}"
KNB0022,30.0,24.31164630678874,27.724658522715497,LOW,"{'after_hours': 0.0, 'weekend': 0.0, 'file_anomaly': 0.0, 'usb': 0.0, 'email': 15, 'web': 0.0, 'deviation': 15}"
NCE0097,30.0,24.308834193077285,27.723533677230915,LOW,"{'after_hours': 0.0, 'weekend': 0.0, 'file_anomaly': 0.0, 'usb': 0.0, 'email': 15, 'web': 0.0, 'deviation': 15}"
FLM0213,30.0,24.2922156251524,27.71688625006096,LOW,"{'after_hours': 0.0, 'weekend': 0.0, 'file_anomaly': 0.0, 'usb': 0.0, 'email': 15, 'web': 0.0, 'deviation': 15}"
SGS0268,30.0,24.286795244450566,27.714718097780228,LOW,"{'after_hours': 0.0, 'weekend': 0.0, 'file_anomaly': 0.0, 'usb': 0.0, 'email': 15, 'web': 0.0, 'deviation': 15}"
CNE0352,30.0,24.28548856519079,27.714195426076316,LOW,"{'after_hours': 0.0, 'weekend': 0.0, 'file_anomaly': 0.0, 'usb': 0.0, 'email': 15, 'web': 0.0, 'deviation': 15}"
KVT0028,30.0,24.284557449795734,27.713822979918294,LOW,"{'after_hours': 0.0, 'weekend': 0.0, 'file_anomaly': 0.0, 'usb': 0.0, 'email': 15, 'web': 0.0, 'deviation': 15}"
HRW0550,30.0,24.283937828242298,27.71357513129692,LOW,"{'after_hours': 0.0, 'weekend': 0.0, 'file_anomaly': 0.0, 'usb': 0.0, 'email': 15, 'web': 0.0, 'deviation': 15}"
WPE0538,30.0,24.27803419701625,27.7112136788065,LOW,"{'after_hours': 0.0, 'weekend': 0.0, 'file_anomaly': 0.0, 'usb': 0.0, 'email': 15, 'web': 0.0, 'deviation': 15}"
MAD0753,30.0,24.276454264648255,27.710581705859305,LOW,"{'after_hours': 0.0, 'weekend': 0.0, 'file_anomaly': 0.0, 'usb': 0.0, 'email': 15, 'web': 0.0, 'deviation': 15}"
RFP0380,30.0,24.27500563250361,27.710002253001445,LOW,"{'after_hours': 0.0, 'weekend': 0.0, 'file_anomaly': 0.0, 'usb': 0.0, 'email': 15, 'web': 0.0, 'deviation': 15}"
KPP0452,30.0,24.274058395161095,27.70962335806444,LOW,"{'after_hours': 0.0, 'weekend': 0.0, 'file_anomaly': 0.0, 'usb': 0.0, 'email': 15, 'web': 0.0, 'deviation': 15}"
KQS0415,30.0,24.27405090836624,27.709620363346495,LOW,"{'after_hours': 0.0, 'weekend': 0.0, 'file_anomaly': 0.0, 'usb': 0.0, 'email': 15, 'web': 0.0, 'deviation': 15}"
HGN0287,30.0,24.272626010596376,27.709050404238553,LOW,"{'after_hours': 0.0, 'weekend': 0.0, 'file_anomaly': 0.0, 'usb': 0.0, 'email': 15, 'web': 0.0, 'deviation': 15}"
XLB0710,30.0,24.26533618100749,27.706134472402997,LOW,"{'after_hours': 0.0, 'weekend': 0.0, 'file_anomaly': 0.0, 'usb': 0.0, 'email': 15, 'web': 0.0, 'deviation': 15}"
HAM0985,30.0,24.261108326588314,27.70444333063533,LOW,"{'after_hours': 0.0, 'weekend': 0.0, 'file_anomaly': 0.0, 'usb': 0.0, 'email': 15, 'web': 0.0, 'deviation': 15}"
ELH0960,30.0,24.260594649341094,27.704237859736438,LOW,"{'after_hours': 0.0, 'weekend': 0.0, 'file_anomaly': 0.0, 'usb': 0.0, 'email': 15, 'web': 0.0, 'deviation': 15}"
BHW0458,30.0,24.256120602250146,27.70244824090006,LOW,"{'after_hours': 0.0, 'weekend': 0.0, 'file_anomaly': 0.0, 'usb': 0.0, 'email': 15, 'web': 0.0, 'deviation': 15}"
MAH0864,30.0,24.25112475815591,27.700449903262367,LOW,"{'after_hours': 0.0, 'weekend': 0.0, 'file_anomaly': 0.0, 'usb': 0.0, 'email': 15, 'web': 0.0, 'deviation': 15}"
LDB0090,30.0,24.24327282645923,27.69730913058369,LOW,"{'after_hours': 0.0, 'weekend': 0.0, 'file_anomaly': 0.0, 'usb': 0.0, 'email': 15, 'web': 0.0, 'deviation': 15}"
HDJ0446,30.0,24.242520277857484,27.697008111142992,LOW,"{'after_hours': 0.0, 'weekend': 0.0, 'file_anomaly': 0.0, 'usb': 0.0, 'email': 15.0, 'web': 0.0, 'deviation': 15}"
HDL0748,30.0,24.236529448950243,27.6946117795801,LOW,"{'after_hours': 0.0, 'weekend': 0.0, 'file_anomaly': 0.0, 'usb': 0.0, 'email': 15, 'web': 0.0, 'deviation': 15}"
OMS0101,30.0,24.226113878659483,27.690445551463796,LOW,"{'after_hours': 0.0, 'weekend': 0.0, 'file_anomaly': 0.0, 'usb': 0.0, 'email': 15, 'web': 0.0, 'deviation': 15}"
GRM0868,30.0,24.22131803671887,27.688527214687547,LOW,"{'after_hours': 0.0, 'weekend': 0.0, 'file_anomaly': 0.0, 'usb': 0.0, 'email': 15, 'web': 0.0, 'deviation': 15}"
NSS0876,30.0,24.219020619173932,27.687608247669573,LOW,"{'after_hours': 0.0, 'weekend': 0.0, 'file_anomaly': 0.0, 'usb': 0.0, 'email': 15, 'web': 0.0, 'deviation': 15}"
ARL0034,30.0,24.21806445130755,27.687225780523022,LOW,"{'after_hours': 0.0, 'weekend': 0.0, 'file_anomaly': 0.0, 'usb': 0.0, 'email': 15, 'web': 0.0, 'deviation': 15}"
CBG0490,30.0,24.216822702028733,27.686729080811496,LOW,"{'after_hours': 0.0, 'weekend': 0.0, 'file_anomaly': 0.0, 'usb': 0.0, 'email': 15, 'web': 0.0, 'deviation': 15}"
SHW0578,30.0,24.21591974110781,27.686367896443123,LOW,"{'after_hours': 0.0, 'weekend': 0.0, 'file_anomaly': 0.0, 'usb': 0.0, 'email': 15, 'web': 0.0, 'deviation': 15}"
RCC0617,30.0,24.204165963226743,27.681666385290697,LOW,"{'after_hours': 0.0, 'weekend': 0.0, 'file_anomaly': 0.0, 'usb': 0.0, 'email': 15, 'web': 0.0, 'deviation': 15}"
GMF0738,30.0,24.202040839151774,27.680816335660708,LOW,"{'after_hours': 0.0, 'weekend': 0.0, 'file_anomaly': 0.0, 'usb': 0.0, 'email': 15, 'web': 0.0, 'deviation': 15}"
TIW0299,30.0,24.186952168707876,27.67478086748315,LOW,"{'after_hours': 0.0, 'weekend': 0.0, 'file_anomaly': 0.0, 'usb': 0.0, 'email': 15, 'web': 0.0, 'deviation': 15}"
DBW0483,30.0,24.18661268204386,27.674645072817547,LOW,"{'after_hours': 0.0, 'weekend': 0.0, 'file_anomaly': 0.0, 'usb': 0.0, 'email': 15, 'web': 0.0, 'deviation': 15}"
ARB0881,30.0,24.183971636892178,27.67358865475687,LOW,"{'after_hours': 0.0, 'weekend': 0.0, 'file_anomaly': 0.0, 'usb': 0.0, 'email': 15, 'web': 0.0, 'deviation': 15}"
SDF0017,30.0,24.177023426357092,27.670809370542838,LOW,"{'after_hours': 0.0, 'weekend': 0.0, 'file_anomaly': 0.0, 'usb': 0.0, 'email': 15, 'web': 0.0, 'deviation': 15}"
CLS0296,30.0,24.175048743637788,27.670019497455115,LOW,"{'after_hours': 0.0, 'weekend': 0.0, 'file_anomaly': 0.0, 'usb': 0.0, 'email': 15, 'web': 0.0, 'deviation': 15}"
AKW0167,30.0,24.161142515994595,27.66445700639784,LOW,"{'after_hours': 0.0, 'weekend': 0.0, 'file_anomaly': 0.0, 'usb': 0.0, 'email': 15, 'web': 0.0, 'deviation': 15}"
SAT0194,30.0,24.153909390396812,27.661563756158728,LOW,"{'after_hours': 0.0, 'weekend': 0.0, 'file_anomaly': 0.0, 'usb': 0.0, 'email': 15, 'web': 0.0, 'deviation': 15}"
ILR0304,30.0,24.150455095362673,27.66018203814507,LOW,"{'after_hours': 0.0, 'weekend': 0.0, 'file_anomaly': 0.0, 'usb': 0.0, 'email': 15, 'web': 0.0, 'deviation': 15}"
UJC0737,30.0,24.14676875188325,27.6587075007533,LOW,"{'after_hours': 0.0, 'weekend': 0.0, 'file_anomaly': 0.0, 'usb': 0.0, 'email': 15, 'web': 0.0, 'deviation': 15}"
UCH0519,30.0,24.144550374860984,27.657820149944392,LOW,"{'after_hours': 0.0, 'weekend': 0.0, 'file_anomaly': 0.0, 'usb': 0.0, 'email': 15, 'web': 0.0, 'deviation': 15}"
AAL0706,30.0,24.143524571052843,27.657409828421137,LOW,"{'after_hours': 0.0, 'weekend': 0.0, 'file_anomaly': 0.0, 'usb': 0.0, 'email': 15, 'web': 0.0, 'deviation': 15}"
ONW0083,30.0,24.13477436755104,27.653909747020414,LOW,"{'after_hours': 0.0, 'weekend': 0.0, 'file_anomaly': 0.0, 'usb': 0.0, 'email': 15, 'web': 0.0, 'deviation': 15}"
JKM0303,30.0,24.12760637774605,27.65104255109842,LOW,"{'after_hours': 0.0, 'weekend': 0.0, 'file_anomaly': 0.0, 'usb': 0.0, 'email': 15, 'web': 0.0, 'deviation': 15}"
ASD0577,30.0,24.118400777818028,27.647360311127212,LOW,"{'after_hours': 0.0, 'weekend': 0.0, 'file_anomaly': 0.0, 'usb': 0.0, 'email': 15, 'web': 0.0, 'deviation': 15}"
FPC0954,30.0,24.118400777818028,27.647360311127212,LOW,"{'after_hours': 0.0, 'weekend': 0.0, 'file_anomaly': 0.0, 'usb': 0.0, 'email': 15, 'web': 0.0, 'deviation': 15}"
MKG0711,30.0,24.118400777818028,27.647360311127212,LOW,"{'after_hours': 0.0, 'weekend': 0.0, 'file_anomaly': 0.0, 'usb': 0.0, 'email': 15, 'web': 0.0, 'deviation': 15}"
FXF0957,30.0,24.1025121580494,27.641004863219763,LOW,"{'after_hours': 0.0, 'weekend': 0.0, 'file_anomaly': 0.0, 'usb': 0.0, 'email': 15, 'web': 0.0, 'deviation': 15}"
HMW0713,30.0,24.09709432894808,27.638837731579233,LOW,"{'after_hours': 0.0, 'weekend': 0.0, 'file_anomaly': 0.0, 'usb': 0.0, 'email': 15, 'web': 0.0, 'deviation': 15}"
MLG0475,30.0,24.092940750704688,27.637176300281876,LOW,"{'after_hours': 0.0, 'weekend': 0.0, 'file_anomaly': 0.0, 'usb': 0.0, 'email': 15, 'web': 0.0, 'deviation': 15}"
KRL0062,30.0,24.088751774949053,27.635500709979624,LOW,"{'after_hours': 0.0, 'weekend': 0.0, 'file_anomaly': 0.0, 'usb': 0.0, 'email': 15, 'web': 0.0, 'deviation': 15}"
GCR0554,30.0,24.08140310627743,27.632561242510974,LOW,"{'after_hours': 0.0, 'weekend': 0.0, 'file_anomaly': 0.0, 'usb': 0.0, 'email': 15, 'web': 0.0, 'deviation': 15}"
CJH0702,30.0,24.080111770542846,27.632044708217137,LOW,"{'after_hours': 0.0, 'weekend': 0.0, 'file_anomaly': 0.0, 'usb': 0.0, 'email': 15, 'web': 0.0, 'deviation': 15}"
CJG0470,30.0,24.080111770542846,27.632044708217137,LOW,"{'after_hours': 0.0, 'weekend': 0.0, 'file_anomaly': 0.0, 'usb': 0.0, 'email': 15, 'web': 0.0, 'deviation': 15}"
MBR0724,30.0,24.080111770542846,27.632044708217137,LOW,"{'after_hours': 0.0, 'weekend': 0.0, 'file_anomaly': 0.0, 'usb': 0.0, 'email': 15, 'web': 0.0, 'deviation': 15}"
LHB0967,30.0,24.075396227525825,27.63015849101033,LOW,"{'after_hours': 0.0, 'weekend': 0.0, 'file_anomaly': 0.0, 'usb': 0.0, 'email': 15, 'web': 0.0, 'deviation': 15}"
IIA0092,30.0,24.072333834764315,27.628933533905727,LOW,"{'after_hours': 0.0, 'weekend': 0.0, 'file_anomaly': 0.0, 'usb': 0.0, 'email': 15, 'web': 0.0, 'deviation': 15}"
APG0307,30.0,24.069199202452662,27.627679680981068,LOW,"{'after_hours': 0.0, 'weekend': 0.0, 'file_anomaly': 0.0, 'usb': 0.0, 'email': 15, 'web': 0.0, 'deviation': 15}"
RAH0440,30.0,24.06787305717745,27.627149222870983,LOW,"{'after_hours': 0.0, 'weekend': 0.0, 'file_anomaly': 0.0, 'usb': 0.0, 'email': 15, 'web': 0.0, 'deviation': 15}"
TSB0437,30.0,24.066010061471154,27.62640402458846,LOW,"{'after_hours': 0.0, 'weekend': 0.0, 'file_anomaly': 0.0, 'usb': 0.0, 'email': 15, 'web': 0.0, 'deviation': 15}"
AAV0450,30.0,24.06484268517025,27.6259370740681,LOW,"{'after_hours': 0.0, 'weekend': 0.0, 'file_anomaly': 0.0, 'usb': 0.0, 'email': 15, 'web': 0.0, 'deviation': 15}"
BSH0445,30.0,24.063412953174428,27.62536518126977,LOW,"{'after_hours': 0.0, 'weekend': 0.0, 'file_anomaly': 0.0, 'usb': 0.0, 'email': 15, 'web': 0.0, 'deviation': 15}"
HSP0290,30.0,24.06187925233053,27.624751700932215,LOW,"{'after_hours': 0.0, 'weekend': 0.0, 'file_anomaly': 0.0, 'usb': 0.0, 'email': 15, 'web': 0.0, 'deviation': 15}"
RMS0266,30.0,24.057682883802666,27.62307315352107,LOW,"{'after_hours': 0.0, 'weekend': 0.0, 'file_anomaly': 0.0, 'usb': 0.0, 'email': 15, 'web': 0.0, 'deviation': 15}"
OKC0107,30.0,24.056928396188717,27.62277135847549,LOW,"{'after_hours': 0.0, 'weekend': 0.0, 'file_anomaly': 0.0, 'usb': 0.0, 'email': 15, 'web': 0.0, 'deviation': 15}"
HCC0344,30.0,24.054464384486344,27.62178575379454,LOW,"{'after_hours': 0.0, 'weekend': 0.0, 'file_anomaly': 0.0, 'usb': 0.0, 'email': 15, 'web': 0.0, 'deviation': 15}"
TCD0009,30.0,24.05406414424177,27.62162565769671,LOW,"{'after_hours': 0.0, 'weekend': 0.0, 'file_anomaly': 0.0, 'usb': 0.0, 'email': 15, 'web': 0.0, 'deviation': 15}"
CGA0629,30.0,24.051916774708467,27.620766709883387,LOW,"{'after_hours': 0.0, 'weekend': 0.0, 'file_anomaly': 0.0, 'usb': 0.0, 'email': 15, 'web': 0.0, 'deviation': 15}"
MJS0890,30.0,24.04970859908054,27.61988343963222,LOW,"{'after_hours': 0.0, 'weekend': 0.0, 'file_anomaly': 0.0, 'usb': 0.0, 'email': 15, 'web': 0.0, 'deviation': 15}"
TJB0302,30.0,24.046882854547412,27.618753141818964,LOW,"{'after_hours': 0.0, 'weekend': 0.0, 'file_anomaly': 0.0, 'usb': 0.0, 'email': 15.0, 'web': 0.0, 'deviation': 15}"
WJD0576,30.0,24.045268443609473,27.618107377443792,LOW,"{'after_hours': 0.0, 'weekend': 0.0, 'file_anomaly': 0.0, 'usb': 0.0, 'email': 15, 'web': 0.0, 'deviation': 15}"
NRF0137,30.0,24.045268443609473,27.618107377443792,LOW,"{'after_hours': 0.0, 'weekend': 0.0, 'file_anomaly': 0.0, 'usb': 0.0, 'email': 15, 'web': 0.0, 'deviation': 15}"
OMM0944,30.0,24.036079981240523,27.614431992496208,LOW,"{'after_hours': 0.0, 'weekend': 0.0, 'file_anomaly': 0.0, 'usb': 0.0, 'email': 15, 'web': 0.0, 'deviation': 15}"
YJV0699,30.0,24.03576951724085,27.614307806896342,LOW,"{'after_hours': 0.0, 'weekend': 0.0, 'file_anomaly': 0.0, 'usb': 0.0, 'email': 15, 'web': 0.0, 'deviation': 15}"
TBT0461,30.0,24.0307380093771,27.61229520375084,LOW,"{'after_hours': 0.0, 'weekend': 0.0, 'file_anomaly': 0.0, 'usb': 0.0, 'email': 15, 'web': 0.0, 'deviation': 15}"
BAK0964,30.0,24.0307380093771,27.61229520375084,LOW,"{'after_hours': 0.0, 'weekend': 0.0, 'file_anomaly': 0.0, 'usb': 0.0, 'email': 15, 'web': 0.0, 'deviation': 15}"
AIM0627,30.0,24.016138148049475,27.606455259219793,LOW,"{'after_hours': 0.0, 'weekend': 0.0, 'file_anomaly': 0.0, 'usb': 0.0, 'email': 15, 'web': 0.0, 'deviation': 15}"
HAH0248,30.0,24.013823279439585,27.605529311775832,LOW,"{'after_hours': 0.0, 'weekend': 0.0, 'file_anomaly': 0.0, 'usb': 0.0, 'email': 15, 'web': 0.0, 'deviation': 15}"
HCL0113,30.0,24.013398610761698,27.605359444304682,LOW,"{'after_hours': 0.0, 'weekend': 0.0, 'file_anomaly': 0.0, 'usb': 0.0, 'email': 15, 'web': 0.0, 'deviation': 15}"
CJK0200,30.0,24.007378414324325,27.60295136572973,LOW,"{'after_hours': 0.0, 'weekend': 0.0, 'file_anomaly': 0.0, 'usb': 0.0, 'email': 15, 'web': 0.0, 'deviation': 15}"
AMH0464,30.0,24.00652296230855,27.602609184923423,LOW,"{'after_hours': 0.0, 'weekend': 0.0, 'file_anomaly': 0.0, 'usb': 0.0, 'email': 15, 'web': 0.0, 'deviation': 15}"
DOP0562,30.0,24.005512151217705,27.602204860487085,LOW,"{'after_hours': 0.0, 'weekend': 0.0, 'file_anomaly': 0.0, 'usb': 0.0, 'email': 15, 'web': 0.0, 'deviation': 15}"
NMG0766,30.0,23.99987487844418,27.599949951377674,LOW,"{'after_hours': 0.0, 'weekend': 0.0, 'file_anomaly': 0.0, 'usb': 0.0, 'email': 15, 'web': 0.0, 'deviation': 15}"
MJB0588,30.0,23.995153931128506,27.598061572451403,LOW,"{'after_hours': 0.0, 'weekend': 0.0, 'file_anomaly': 0.0, 'usb': 0.0, 'email': 15, 'web': 0.0, 'deviation': 15}"
HSD0457,30.0,23.995153931128506,27.598061572451403,LOW,"{'after_hours': 0.0, 'weekend': 0.0, 'file_anomaly': 0.0, 'usb': 0.0, 'email': 15, 'web': 0.0, 'deviation': 15}"
ZFM0468,30.0,23.994527380145957,27.59781095205838,LOW,"{'after_hours': 0.0, 'weekend': 0.0, 'file_anomaly': 0.0, 'usb': 0.0, 'email': 15, 'web': 0.0, 'deviation': 15}"
CCM0855,30.0,23.992926445539055,27.597170578215625,LOW,"{'after_hours': 0.0, 'weekend': 0.0, 'file_anomaly': 0.0, 'usb': 0.0, 'email': 15, 'web': 0.0, 'deviation': 15}"
BLL0929,30.0,23.975135449704478,27.59005417988179,LOW,"{'after_hours': 0.0, 'weekend': 0.0, 'file_anomaly': 0.0, 'usb': 0.0, 'email': 15, 'web': 0.0, 'deviation': 15}"
RYB0718,30.0,23.97301785798545,27.58920714319418,LOW,"{'after_hours': 0.0, 'weekend': 0.0, 'file_anomaly': 0.0, 'usb': 0.0, 'email': 15, 'web': 0.0, 'deviation': 15}"
SAH0599,30.0,23.97301785798545,27.58920714319418,LOW,"{'after_hours': 0.0, 'weekend': 0.0, 'file_anomaly': 0.0, 'usb': 0.0, 'email': 15, 'web': 0.0, 'deviation': 15}"
NRO0768,30.0,23.968866520417752,27.587546608167102,LOW,"{'after_hours': 0.0, 'weekend': 0.0, 'file_anomaly': 0.0, 'usb': 0.0, 'email': 15, 'web': 0.0, 'deviation': 15}"
EPW0434,30.0,23.967342686809285,27.586937074723714,LOW,"{'after_hours': 0.0, 'weekend': 0.0, 'file_anomaly': 0.0, 'usb': 0.0, 'email': 15, 'web': 0.0, 'deviation': 15}"
DSM0591,30.0,23.967320702258377,27.58692828090335,LOW,"{'after_hours': 0.0, 'weekend': 0.0, 'file_anomaly': 0.0, 'usb': 0.0, 'email': 15, 'web': 0.0, 'deviation': 15}"
LLV0602,30.0,23.966808960812553,27.58672358432502,LOW,"{'after_hours': 0.0, 'weekend': 0.0, 'file_anomaly': 0.0, 'usb': 0.0, 'email': 15, 'web': 0.0, 'deviation': 15}"
DDM0579,30.0,23.96546187531778,27.58618475012711,LOW,"{'after_hours': 0.0, 'weekend': 0.0, 'file_anomaly': 0.0, 'usb': 0.0, 'email': 15, 'web': 0.0, 'deviation': 15}"
NLO0131,30.0,23.96546187531778,27.58618475012711,LOW,"{'after_hours': 0.0, 'weekend': 0.0, 'file_anomaly': 0.0, 'usb': 0.0, 'email': 15, 'web': 0.0, 'deviation': 15}"
HGH0595,30.0,23.96546187531778,27.58618475012711,LOW,"{'after_hours': 0.0, 'weekend': 0.0, 'file_anomaly': 0.0, 'usb': 0.0, 'email': 15, 'web': 0.0, 'deviation': 15}"
MCT0720,30.0,23.955506683537074,27.58220267341483,LOW,"{'after_hours': 0.0, 'weekend': 0.0, 'file_anomaly': 0.0, 'usb': 0.0, 'email': 15, 'web': 0.0, 'deviation': 15}"
KQC0708,30.0,23.95544983984682,27.58217993593873,LOW,"{'after_hours': 0.0, 'weekend': 0.0, 'file_anomaly': 0.0, 'usb': 0.0, 'email': 15, 'web': 0.0, 'deviation': 15}"
DOL0332,30.0,23.946492449270128,27.578596979708053,LOW,"{'after_hours': 0.0, 'weekend': 0.0, 'file_anomaly': 0.0, 'usb': 0.0, 'email': 15, 'web': 0.0, 'deviation': 15}"
DHM0937,30.0,23.942554164829836,27.577021665931937,LOW,"{'after_hours': 0.0, 'weekend': 0.0, 'file_anomaly': 0.0, 'usb': 0.0, 'email': 15, 'web': 0.0, 'deviation': 15}"
AKF0709,30.0,23.93980420022732,27.57592168009093,LOW,"{'after_hours': 0.0, 'weekend': 0.0, 'file_anomaly': 0.0, 'usb': 0.0, 'email': 15, 'web': 0.0, 'deviation': 15}"
SJW0451,30.0,23.933981730037925,27.57359269201517,LOW,"{'after_hours': 0.0, 'weekend': 0.0, 'file_anomaly': 0.0, 'usb': 0.0, 'email': 15, 'web': 0.0, 'deviation': 15}"
TPH0474,30.0,23.933981730037925,27.57359269201517,LOW,"{'after_hours': 0.0, 'weekend': 0.0, 'file_anomaly': 0.0, 'usb': 0.0, 'email': 15, 'web': 0.0, 'deviation': 15}"
CKP0721,30.0,23.933981730037925,27.57359269201517,LOW,"{'after_hours': 0.0, 'weekend': 0.0, 'file_anomaly': 0.0, 'usb': 0.0, 'email': 15, 'web': 0.0, 'deviation': 15}"
SOB0586,30.0,23.933981730037925,27.57359269201517,LOW,"{'after_hours': 0.0, 'weekend': 0.0, 'file_anomaly': 0.0, 'usb': 0.0, 'email': 15, 'web': 0.0, 'deviation': 15}"
NJC0705,30.0,23.92899878145477,27.57159951258191,LOW,"{'after_hours': 0.0, 'weekend': 0.0, 'file_anomaly': 0.0, 'usb': 0.0, 'email': 15, 'web': 0.0, 'deviation': 15}"
BJW0619,30.0,23.92545020375771,27.570180081503082,LOW,"{'after_hours': 0.0, 'weekend': 0.0, 'file_anomaly': 0.0, 'usb': 0.0, 'email': 15, 'web': 0.0, 'deviation': 15}"
JSH0330,30.0,23.92443503235837,27.56977401294335,LOW,"{'after_hours': 0.0, 'weekend': 0.0, 'file_anomaly': 0.0, 'usb': 0.0, 'email': 15, 'web': 0.0, 'deviation': 15}"
KJM0887,30.0,23.919501331488807,27.567800532595523,LOW,"{'after_hours': 0.0, 'weekend': 0.0, 'file_anomaly': 0.0, 'usb': 0.0, 'email': 15, 'web': 0.0, 'deviation': 15}"
LHN0151,30.0,23.91896289069708,27.56758515627883,LOW,"{'after_hours': 0.0, 'weekend': 0.0, 'file_anomaly': 0.0, 'usb': 0.0, 'email': 15, 'web': 0.0, 'deviation': 15}"
KNG0672,30.0,23.915687513181403,27.566275005272562,LOW,"{'after_hours': 0.0, 'weekend': 0.0, 'file_anomaly': 0.0, 'usb': 0.0, 'email': 15, 'web': 0.0, 'deviation': 15}"
RJB0088,30.0,23.91157165096245,27.564628660384983,LOW,"{'after_hours': 0.0, 'weekend': 0.0, 'file_anomaly': 0.0, 'usb': 0.0, 'email': 15, 'web': 0.0, 'deviation': 15}"
KBL0260,30.0,23.904368259121135,27.561747303648453,LOW,"{'after_hours': 0.0, 'weekend': 0.0, 'file_anomaly': 0.0, 'usb': 0.0, 'email': 15, 'web': 0.0, 'deviation': 15}"
PLH0715,30.0,23.90207945679984,27.560831782719937,LOW,"{'after_hours': 0.0, 'weekend': 0.0, 'file_anomaly': 0.0, 'usb': 0.0, 'email': 15, 'web': 0.0, 'deviation': 15}"
YEV0793,30.0,23.898238279208567,27.559295311683428,LOW,"{'after_hours': 0.0, 'weekend': 0.0, 'file_anomaly': 0.0, 'usb': 0.0, 'email': 15, 'web': 0.0, 'deviation': 15}"
IDO0176,30.0,23.89634039292437,27.558536157169748,LOW,"{'after_hours': 0.0, 'weekend': 0.0, 'file_anomaly': 0.0, 'usb': 0.0, 'email': 15, 'web': 0.0, 'deviation': 15}"
IJM0139,30.0,23.894516747451792,27.55780669898072,LOW,"{'after_hours': 0.0, 'weekend': 0.0, 'file_anomaly': 0.0, 'usb': 0.0, 'email': 15, 'web': 0.0, 'deviation': 15}"
DGF0443,30.0,23.89445550215904,27.557782200863617,LOW,"{'after_hours': 0.0, 'weekend': 0.0, 'file_anomaly': 0.0, 'usb': 0.0, 'email': 15, 'web': 0.0, 'deviation': 15}"
SXM0895,30.0,23.88965873410356,27.555863493641425,LOW,"{'after_hours': 0.0, 'weekend': 0.0, 'file_anomaly': 0.0, 'usb': 0.0, 'email': 15, 'web': 0.0, 'deviation': 15}"
AMJ0297,30.0,23.88855704263696,27.555422817054783,LOW,"{'after_hours': 0.0, 'weekend': 0.0, 'file_anomaly': 0.0, 'usb': 0.0, 'email': 15, 'web': 0.0, 'deviation': 15}"
KSP0966,30.0,23.88855704263696,27.555422817054783,LOW,"{'after_hours': 0.0, 'weekend': 0.0, 'file_anomaly': 0.0, 'usb': 0.0, 'email': 15, 'web': 0.0, 'deviation': 15}"
QNF0205,30.0,23.888268106460202,27.55530724258408,LOW,"{'after_hours': 0.0, 'weekend': 0.0, 'file_anomaly': 0.0, 'usb': 0.0, 'email': 15, 'web': 0.0, 'deviation': 15}"
TJG0582,30.0,23.8778294847036,27.55113179388144,LOW,"{'after_hours': 0.0, 'weekend': 0.0, 'file_anomaly': 0.0, 'usb': 0.0, 'email': 15, 'web': 0.0, 'deviation': 15}"
NCK0295,30.0,23.8778294847036,27.55113179388144,LOW,"{'after_hours': 0.0, 'weekend': 0.0, 'file_anomaly': 0.0, 'usb': 0.0, 'email': 15, 'web': 0.0, 'deviation': 15}"
ZMC0284,30.0,23.87435361695155,27.549741446780622,LOW,"{'after_hours': 0.0, 'weekend': 0.0, 'file_anomaly': 0.0, 'usb': 0.0, 'email': 15, 'web': 0.0, 'deviation': 15}"
BMC0547,30.0,23.87308385122809,27.549233540491237,LOW,"{'after_hours': 0.0, 'weekend': 0.0, 'file_anomaly': 0.0, 'usb': 0.0, 'email': 15, 'web': 0.0, 'deviation': 15}"
EZH0736,30.0,23.86719528434822,27.54687811373929,LOW,"{'after_hours': 0.0, 'weekend': 0.0, 'file_anomaly': 0.0, 'usb': 0.0, 'email': 15, 'web': 0.0, 'deviation': 15}"
ZCF0590,30.0,23.862481081183855,27.544992432473542,LOW,"{'after_hours': 0.0, 'weekend': 0.0, 'file_anomaly': 0.0, 'usb': 0.0, 'email': 15, 'web': 0.0, 'deviation': 15}"
NMB0972,30.0,23.861057733116738,27.544423093246696,LOW,"{'after_hours': 0.0, 'weekend': 0.0, 'file_anomaly': 0.0, 'usb': 0.0, 'email': 15, 'web': 0.0, 'deviation': 15}"
GCC0945,30.0,23.855652148348106,27.542260859339244,LOW,"{'after_hours': 0.0, 'weekend': 0.0, 'file_anomaly': 0.0, 'usb': 0.0, 'email': 15, 'web': 0.0, 'deviation': 15}"
CSL0949,30.0,23.852556498020494,27.541022599208198,LOW,"{'after_hours': 0.0, 'weekend': 0.0, 'file_anomaly': 0.0, 'usb': 0.0, 'email': 15, 'web': 0.0, 'deviation': 15}"
NMC0486,30.0,23.847295611110823,27.538918244444332,LOW,"{'after_hours': 0.0, 'weekend': 0.0, 'file_anomaly': 0.0, 'usb': 0.0, 'email': 15, 'web': 0.0, 'deviation': 15}"
JCR0770,30.0,23.847066926930992,27.538826770772395,LOW,"{'after_hours': 0.0, 'weekend': 0.0, 'file_anomaly': 0.0, 'usb': 0.0, 'email': 15, 'web': 0.0, 'deviation': 15}"
CMW0783,30.0,23.84299523256468,27.53719809302587,LOW,"{'after_hours': 0.0, 'weekend': 0.0, 'file_anomaly': 0.0, 'usb': 0.0, 'email': 15, 'web': 0.0, 'deviation': 15}"
ESH0135,30.0,23.842712502122858,27.537085000849146,LOW,"{'after_hours': 0.0, 'weekend': 0.0, 'file_anomaly': 0.0, 'usb': 0.0, 'email': 15, 'web': 0.0, 'deviation': 15}"
JZD0888,30.0,23.83310527687203,27.533242110748812,LOW,"{'after_hours': 0.0, 'weekend': 0.0, 'file_anomaly': 0.0, 'usb': 0.0, 'email': 15, 'web': 0.0, 'deviation': 15}"
AJP0723,30.0,23.83109772597515,27.532439090390064,LOW,"{'after_hours': 0.0, 'weekend': 0.0, 'file_anomaly': 0.0, 'usb': 0.0, 'email': 15, 'web': 0.0, 'deviation': 15}"
NMF0780,30.0,23.83022284829749,27.532089139318998,LOW,"{'after_hours': 0.0, 'weekend': 0.0, 'file_anomaly': 0.0, 'usb': 0.0, 'email': 15, 'web': 0.0, 'deviation': 15}"
ABH0663,30.0,23.828606399948114,27.531442559979247,LOW,"{'after_hours': 0.0, 'weekend': 0.0, 'file_anomaly': 0.0, 'usb': 0.0, 'email': 15, 'web': 0.0, 'deviation': 15}"
SKG0759,30.0,23.827189270682798,27.530875708273122,LOW,"{'after_hours': 0.0, 'weekend': 0.0, 'file_anomaly': 0.0, 'usb': 0.0, 'email': 15, 'web': 0.0, 'deviation': 15}"
FRL0511,30.0,23.824540330386647,27.529816132154657,LOW,"{'after_hours': 0.0, 'weekend': 0.0, 'file_anomaly': 0.0, 'usb': 0.0, 'email': 15, 'web': 0.0, 'deviation': 15}"
PRM0740,30.0,23.82383323149021,27.529533292596085,LOW,"{'after_hours': 0.0, 'weekend': 0.0, 'file_anomaly': 0.0, 'usb': 0.0, 'email': 15, 'web': 0.0, 'deviation': 15}"
BSB0990,30.0,23.81930201055861,27.527720804223442,LOW,"{'after_hours': 0.0, 'weekend': 0.0, 'file_anomaly': 0.0, 'usb': 0.0, 'email': 15, 'web': 0.0, 'deviation': 15}"
MVF0594,30.0,23.817153455541,27.526861382216403,LOW,"{'after_hours': 0.0, 'weekend': 0.0, 'file_anomaly': 0.0, 'usb': 0.0, 'email': 15, 'web': 0.0, 'deviation': 15}"
JCR0289,30.0,23.81620003835864,27.52648001534346,LOW,"{'after_hours': 0.0, 'weekend': 0.0, 'file_anomaly': 0.0, 'usb': 0.0, 'email': 15, 'web': 0.0, 'deviation': 15}"
TMA0069,30.0,23.796590538660695,27.518636215464277,LOW,"{'after_hours': 0.0, 'weekend': 0.0, 'file_anomaly': 0.0, 'usb': 0.0, 'email': 15, 'web': 0.0, 'deviation': 15}"
BMM0112,30.0,23.796250624938477,27.51850024997539,LOW,"{'after_hours': 0.0, 'weekend': 0.0, 'file_anomaly': 0.0, 'usb': 0.0, 'email': 15, 'web': 0.0, 'deviation': 15}"
QCH0110,30.0,23.79443386538968,27.517773546155873,LOW,"{'after_hours': 0.0, 'weekend': 0.0, 'file_anomaly': 0.0, 'usb': 0.0, 'email': 15, 'web': 0.0, 'deviation': 15}"
LDM0587,30.0,23.794337239865555,27.517734895946223,LOW,"{'after_hours': 0.0, 'weekend': 0.0, 'file_anomaly': 0.0, 'usb': 0.0, 'email': 15, 'web': 0.0, 'deviation': 15}"
CXC0336,30.0,23.794136465880488,27.517654586352194,LOW,"{'after_hours': 0.0, 'weekend': 0.0, 'file_anomaly': 0.0, 'usb': 0.0, 'email': 15, 'web': 0.0, 'deviation': 15}"
AKK0329,30.0,23.792024454061867,27.516809781624747,LOW,"{'after_hours': 0.0, 'weekend': 0.0, 'file_anomaly': 0.0, 'usb': 0.0, 'email': 15, 'web': 0.0, 'deviation': 15}"
BTL0722,30.0,23.79158867229953,27.516635468919812,LOW,"{'after_hours': 0.0, 'weekend': 0.0, 'file_anomaly': 0.0, 'usb': 0.0, 'email': 15, 'web': 0.0, 'deviation': 15}"
OHC0973,30.0,23.78581270307341,27.514325081229366,LOW,"{'after_hours': 0.0, 'weekend': 0.0, 'file_anomaly': 0.0, 'usb': 0.0, 'email': 15, 'web': 0.0, 'deviation': 15}"
GCS0518,30.0,23.785754894113154,27.514301957645262,LOW,"{'after_hours': 0.0, 'weekend': 0.0, 'file_anomaly': 0.0, 'usb': 0.0, 'email': 15, 'web': 0.0, 'deviation': 15}"
DTT0076,30.0,23.782598434625502,27.5130393738502,LOW,"{'after_hours': 0.0, 'weekend': 0.0, 'file_anomaly': 0.0, 'usb': 0.0, 'email': 15, 'web': 0.0, 'deviation': 15}"
CCH0182,30.0,23.78247266719649,27.512989066878596,LOW,"{'after_hours': 0.0, 'weekend': 0.0, 'file_anomaly': 0.0, 'usb': 0.0, 'email': 15, 'web': 0.0, 'deviation': 15}"
OQH0183,30.0,23.77889700761509,27.511558803046036,LOW,"{'after_hours': 0.0, 'weekend': 0.0, 'file_anomaly': 0.0, 'usb': 0.0, 'email': 15, 'web': 0.0, 'deviation': 15}"
AIH0675,30.0,23.774919335992955,27.509967734397183,LOW,"{'after_hours': 0.0, 'weekend': 0.0, 'file_anomaly': 0.0, 'usb': 0.0, 'email': 15, 'web': 0.0, 'deviation': 15}"
LCD0622,30.0,23.76823117917021,27.507292471668087,LOW,"{'after_hours': 0.0, 'weekend': 0.0, 'file_anomaly': 0.0, 'usb': 0.0, 'email': 15, 'web': 0.0, 'deviation': 15}"
CKB0427,30.0,23.764947052654588,27.505978821061838,LOW,"{'after_hours': 0.0, 'weekend': 0.0, 'file_anomaly': 0.0, 'usb': 0.0, 'email': 15, 'web': 0.0, 'deviation': 15}"
AWM0764,30.0,23.762681501234407,27.50507260049376,LOW,"{'after_hours': 0.0, 'weekend': 0.0, 'file_anomaly': 0.0, 'usb': 0.0, 'email': 15, 'web': 0.0, 'deviation': 15}"
RDM0115,30.0,23.762483487098173,27.504993394839268,LOW,"{'after_hours': 0.0, 'weekend': 0.0, 'file_anomaly': 0.0, 'usb': 0.0, 'email': 15, 'web': 0.0, 'deviation': 15}"
CLH0703,30.0,23.758865137976574,27.503546055190633,LOW,"{'after_hours': 0.0, 'weekend': 0.0, 'file_anomaly': 0.0, 'usb': 0.0, 'email': 15, 'web': 0.0, 'deviation': 15}"
SBD0913,30.0,23.757939331628975,27.50317573265159,LOW,"{'after_hours': 0.0, 'weekend': 0.0, 'file_anomaly': 0.0, 'usb': 0.0, 'email': 15, 'web': 0.0, 'deviation': 15}"
PKB0429,30.0,23.757809976603205,27.503123990641285,LOW,"{'after_hours': 0.0, 'weekend': 0.0, 'file_anomaly': 0.0, 'usb': 0.0, 'email': 15, 'web': 0.0, 'deviation': 15}"
HGG0240,30.0,23.752556037354616,27.501022414941847,LOW,"{'after_hours': 0.0, 'weekend': 0.0, 'file_anomaly': 0.0, 'usb': 0.0, 'email': 15, 'web': 0.0, 'deviation': 15}"
RNF0765,30.0,23.749663713581697,27.49986548543268,LOW,"{'after_hours': 0.0, 'weekend': 0.0, 'file_anomaly': 0.0, 'usb': 0.0, 'email': 15, 'web': 0.0, 'deviation': 15}"
MOP0763,30.0,23.749663713581697,27.49986548543268,LOW,"{'after_hours': 0.0, 'weekend': 0.0, 'file_anomaly': 0.0, 'usb': 0.0, 'email': 15, 'web': 0.0, 'deviation': 15}"
CSJ0340,30.0,23.74762144471308,27.499048577885233,LOW,"{'after_hours': 0.0, 'weekend': 0.0, 'file_anomaly': 0.0, 'usb': 0.0, 'email': 15, 'web': 0.0, 'deviation': 15}"
CNB0900,30.0,23.74044555744057,27.496178222976226,LOW,"{'after_hours': 0.0, 'weekend': 0.0, 'file_anomaly': 0.0, 'usb': 0.0, 'email': 15, 'web': 0.0, 'deviation': 15}"
CCW0524,30.0,23.73935743913693,27.49574297565477,LOW,"{'after_hours': 0.0, 'weekend': 0.0, 'file_anomaly': 0.0, 'usb': 0.0, 'email': 15, 'web': 0.0, 'deviation': 15}"
THD0448,30.0,23.737039932085334,27.494815972834132,LOW,"{'after_hours': 0.0, 'weekend': 0.0, 'file_anomaly': 0.0, 'usb': 0.0, 'email': 15, 'web': 0.0, 'deviation': 15}"
JPW0741,30.0,23.735275586680892,27.494110234672355,LOW,"{'after_hours': 0.0, 'weekend': 0.0, 'file_anomaly': 0.0, 'usb': 0.0, 'email': 15, 'web': 0.0, 'deviation': 15}"
KJG0910,30.0,23.733676032281913,27.493470412912764,LOW,"{'after_hours': 0.0, 'weekend': 0.0, 'file_anomaly': 0.0, 'usb': 0.0, 'email': 15, 'web': 0.0, 'deviation': 15}"
EFS0882,30.0,23.73117233574581,27.492468934298323,LOW,"{'after_hours': 0.0, 'weekend': 0.0, 'file_anomaly': 0.0, 'usb': 0.0, 'email': 15, 'web': 0.0, 'deviation': 15}"
DEB0782,30.0,23.7134189974466,27.48536759897864,LOW,"{'after_hours': 0.0, 'weekend': 0.0, 'file_anomaly': 0.0, 'usb': 0.0, 'email': 15, 'web': 0.0, 'deviation': 15}"
QSV0778,30.0,23.707690492039664,27.483076196815865,LOW,"{'after_hours': 0.0, 'weekend': 0.0, 'file_anomaly': 0.0, 'usb': 0.0, 'email': 15, 'web': 0.0, 'deviation': 15}"
BSA0431,30.0,23.70639914723022,27.482559658892086,LOW,"{'after_hours': 0.0, 'weekend': 0.0, 'file_anomaly': 0.0, 'usb': 0.0, 'email': 15, 'web': 0.0, 'deviation': 15}"
FKB0163,30.0,23.7036462813064,27.48145851252256,LOW,"{'after_hours': 0.0, 'weekend': 0.0, 'file_anomaly': 0.0, 'usb': 0.0, 'email': 15, 'web': 0.0, 'deviation': 15}"
EGK0893,30.0,23.69991748424743,27.479966993698973,LOW,"{'after_hours': 0.0, 'weekend': 0.0, 'file_anomaly': 0.0, 'usb': 0.0, 'email': 15, 'web': 0.0, 'deviation': 15}"
JFC0757,30.0,23.69811349592405,27.47924539836962,LOW,"{'after_hours': 0.0, 'weekend': 0.0, 'file_anomaly': 0.0, 'usb': 0.0, 'email': 15, 'web': 0.0, 'deviation': 15}"
CQH0730,30.0,23.690779549086255,27.476311819634503,LOW,"{'after_hours': 0.0, 'weekend': 0.0, 'file_anomaly': 0.0, 'usb': 0.0, 'email': 15, 'web': 0.0, 'deviation': 15}"
WGS0516,30.0,23.689417155813913,27.475766862325564,LOW,"{'after_hours': 0.0, 'weekend': 0.0, 'file_anomaly': 0.0, 'usb': 0.0, 'email': 15, 'web': 0.0, 'deviation': 15}"
AGB0186,30.0,23.689417155813913,27.475766862325564,LOW,"{'after_hours': 0.0, 'weekend': 0.0, 'file_anomaly': 0.0, 'usb': 0.0, 'email': 15, 'web': 0.0, 'deviation': 15}"
MAE0331,30.0,23.684745634067944,27.473898253627176,LOW,"{'after_hours': 0.0, 'weekend': 0.0, 'file_anomaly': 0.0, 'usb': 0.0, 'email': 15, 'web': 0.0, 'deviation': 15}"
GTD0898,30.0,23.6797836252664,27.471913450106562,LOW,"{'after_hours': 0.0, 'weekend': 0.0, 'file_anomaly': 0.0, 'usb': 0.0, 'email': 15, 'web': 0.0, 'deviation': 15}"
AKH0758,30.0,23.679239882474633,27.471695952989855,LOW,"{'after_hours': 0.0, 'weekend': 0.0, 'file_anomaly': 0.0, 'usb': 0.0, 'email': 15, 'web': 0.0, 'deviation': 15}"
ORG0339,30.0,23.675773771479626,27.470309508591853,LOW,"{'after_hours': 0.0, 'weekend': 0.0, 'file_anomaly': 0.0, 'usb': 0.0, 'email': 15, 'web': 0.0, 'deviation': 15}"
JOL0024,30.0,23.674022533072385,27.469609013228954,LOW,"{'after_hours': 0.0, 'weekend': 0.0, 'file_anomaly': 0.0, 'usb': 0.0, 'email': 15, 'web': 0.0, 'deviation': 15}"
ZSK0258,30.0,23.667071151065905,27.466828460426363,LOW,"{'after_hours': 0.0, 'weekend': 0.0, 'file_anomaly': 0.0, 'usb': 0.0, 'email': 15, 'web': 0.0, 'deviation': 15}"
JSA0775,30.0,23.666588471030693,27.46663538841228,LOW,"{'after_hours': 0.0, 'weekend': 0.0, 'file_anomaly': 0.0, 'usb': 0.0, 'email': 15, 'web': 0.0, 'deviation': 15}"
LFS0071,30.0,23.663912733368857,27.465565093347543,LOW,"{'after_hours': 0.0, 'weekend': 0.0, 'file_anomaly': 0.0, 'usb': 0.0, 'email': 15, 'web': 0.0, 'deviation': 15}"
RIH0777,30.0,23.662023404288174,27.464809361715268,LOW,"{'after_hours': 0.0, 'weekend': 0.0, 'file_anomaly': 0.0, 'usb': 0.0, 'email': 15, 'web': 0.0, 'deviation': 15}"
RDM0150,30.0,23.6556156925101,27.46224627700404,LOW,"{'after_hours': 0.0, 'weekend': 0.0, 'file_anomaly': 0.0, 'usb': 0.0, 'email': 15, 'web': 0.0, 'deviation': 15}"
CGF0337,30.0,23.651269824986443,27.460507929994577,LOW,"{'after_hours': 0.0, 'weekend': 0.0, 'file_anomaly': 0.0, 'usb': 0.0, 'email': 15, 'web': 0.0, 'deviation': 15}"
MFV0897,30.0,23.647519923071208,27.459007969228484,LOW,"{'after_hours': 0.0, 'weekend': 0.0, 'file_anomaly': 0.0, 'usb': 0.0, 'email': 15, 'web': 0.0, 'deviation': 15}"
XHG0902,30.0,23.646651972187705,27.458660788875083,LOW,"{'after_hours': 0.0, 'weekend': 0.0, 'file_anomaly': 0.0, 'usb': 0.0, 'email': 15, 'web': 0.0, 'deviation': 15}"
IMP0530,30.0,23.63723696660652,27.45489478664261,LOW,"{'after_hours': 0.0, 'weekend': 0.0, 'file_anomaly': 0.0, 'usb': 0.0, 'email': 15, 'web': 0.0, 'deviation': 15}"
DBG0261,30.0,23.627041454445035,27.450816581778014,LOW,"{'after_hours': 0.0, 'weekend': 0.0, 'file_anomaly': 0.0, 'usb': 0.0, 'email': 15, 'web': 0.0, 'deviation': 15}"
POB0343,30.0,23.626192958642783,27.450477183457114,LOW,"{'after_hours': 0.0, 'weekend': 0.0, 'file_anomaly': 0.0, 'usb': 0.0, 'email': 15, 'web': 0.0, 'deviation': 15}"
EJW0884,30.0,23.621027824214007,27.448411129685603,LOW,"{'after_hours': 0.0, 'weekend': 0.0, 'file_anomaly': 0.0, 'usb': 0.0, 'email': 15, 'web': 0.0, 'deviation': 15}"
AAW0353,30.0,23.619766441923556,27.447906576769423,LOW,"{'after_hours': 0.0, 'weekend': 0.0, 'file_anomaly': 0.0, 'usb': 0.0, 'email': 15, 'web': 0.0, 'deviation': 15}"
RHC0335,30.0,23.609614958053992,27.4438459832216,LOW,"{'after_hours': 0.0, 'weekend': 0.0, 'file_anomaly': 0.0, 'usb': 0.0, 'email': 15, 'web': 0.0, 'deviation': 15}"
ELT0769,30.0,23.60944034794307,27.44377613917723,LOW,"{'after_hours': 0.0, 'weekend': 0.0, 'file_anomaly': 0.0, 'usb': 0.0, 'email': 15, 'web': 0.0, 'deviation': 15}"
SHR0334,30.0,23.608242201120166,27.443296880448067,LOW,"{'after_hours': 0.0, 'weekend': 0.0, 'file_anomaly': 0.0, 'usb': 0.0, 'email': 15, 'web': 0.0, 'deviation': 15}"
HAC0282,30.0,23.603190820438435,27.441276328175377,LOW,"{'after_hours': 0.0, 'weekend': 0.0, 'file_anomaly': 0.0, 'usb': 0.0, 'email': 15, 'web': 0.0, 'deviation': 15}"
SSS0345,30.0,23.598779495831383,27.439511798332553,LOW,"{'after_hours': 0.0, 'weekend': 0.0, 'file_anomaly': 0.0, 'usb': 0.0, 'email': 15, 'web': 0.0, 'deviation': 15}"
MIL0255,30.0,23.59662751020113,27.438651004080455,LOW,"{'after_hours': 0.0, 'weekend': 0.0, 'file_anomaly': 0.0, 'usb': 0.0, 'email': 15, 'web': 0.0, 'deviation': 15}"
PBP0002,30.0,23.596524590228142,27.43860983609126,LOW,"{'after_hours': 0.0, 'weekend': 0.0, 'file_anomaly': 0.0, 'usb': 0.0, 'email': 15, 'web': 0.0, 'deviation': 15}"
SCB0534,30.0,23.588312360805475,27.43532494432219,LOW,"{'after_hours': 0.0, 'weekend': 0.0, 'file_anomaly': 0.0, 'usb': 0.0, 'email': 15, 'web': 0.0, 'deviation': 15}"
RCP0785,30.0,23.569102563677607,27.427641025471043,LOW,"{'after_hours': 0.0, 'weekend': 0.0, 'file_anomaly': 0.0, 'usb': 0.0, 'email': 15, 'web': 0.0, 'deviation': 15}"
SLP0762,30.0,23.566787959010487,27.426715183604195,LOW,"{'after_hours': 0.0, 'weekend': 0.0, 'file_anomaly': 0.0, 'usb': 0.0, 'email': 15, 'web': 0.0, 'deviation': 15}"
CLD0894,30.0,23.55109526505204,27.420438106020818,LOW,"{'after_hours': 0.0, 'weekend': 0.0, 'file_anomaly': 0.0, 'usb': 0.0, 'email': 15, 'web': 0.0, 'deviation': 15}"
NAB0903,30.0,23.546991465020085,27.418796586008035,LOW,"{'after_hours': 0.0, 'weekend': 0.0, 'file_anomaly': 0.0, 'usb': 0.0, 'email': 15, 'web': 0.0, 'deviation': 15}"
PGC0066,30.0,23.528252525963044,27.411301010385216,LOW,"{'after_hours': 0.0, 'weekend': 0.0, 'file_anomaly': 0.0, 'usb': 0.0, 'email': 15, 'web': 0.0, 'deviation': 15}"
CKD0680,30.0,23.51624868133233,27.406499472532932,LOW,"{'after_hours': 0.0, 'weekend': 0.0, 'file_anomaly': 0.0, 'usb': 0.0, 'email': 15, 'web': 0.0, 'deviation': 15}"
PGO0433,30.0,23.501950549752948,27.40078021990118,LOW,"{'after_hours': 0.0, 'weekend': 0.0, 'file_anomaly': 0.0, 'usb': 0.0, 'email': 15, 'web': 0.0, 'deviation': 15}"
DGM0754,25.245135851263605,29.972463548233335,27.1360669300515,LOW,"{'after_hours': 0.0, 'weekend': 0.0, 'file_anomaly': 0.0, 'usb': 0.0, 'email': 15, 'web': 0.0, 'deviation': 10.245135851263605}"
GZB0469,28.5,24.33985776567945,26.835943106271777,LOW,"{'after_hours': 0.0, 'weekend': 0.0, 'file_anomaly': 0.0, 'usb': 0.0, 'email': 13.5, 'web': 0.0, 'deviation': 15}"
TAC0300,28.5,24.17031988011026,26.768127952044104,LOW,"{'after_hours': 0.0, 'weekend': 0.0, 'file_anomaly': 0.0, 'usb': 0.0, 'email': 13.5, 'web': 0.0, 'deviation': 15}"
CMS0454,28.5,24.146874877944757,26.7587499511779,LOW,"{'after_hours': 0.0, 'weekend': 0.0, 'file_anomaly': 0.0, 'usb': 0.0, 'email': 13.5, 'web': 0.0, 'deviation': 15}"
LRW0970,25.5,24.40930965695306,25.063723862781224,LOW,"{'after_hours': 0.0, 'weekend': 0.0, 'file_anomaly': 0.0, 'usb': 0.0, 'email': 10.5, 'web': 0.0, 'deviation': 15}"
